sha256,label
0011772022501f16b1e15e79a1ef39a2a063b4b74acd659c252deca37a0080a7,1
0017ef7ed92fd6398e660cdb9215a4083d8f0e6c02b6f16f64962ad0457becf7,0
0031738b9af95cd0cf335073762d6200270a186eb7e52e561a05f3be1e186c53,1
0072145c332b0443de3324be3d4bf97d65de0e7e9f5158892cc59a042171520b,0
008cdddc3381600a2ccc7f7fa54c3c36042341ca0d911bf0fb56cc99fab47ff8,1
00d81a467786f49c04084ae4a231ff9c8245112d65e430d82eb7a93ad1d90d08,1
00ec3ac1078702f593e489b83c8c526640c5c765414e397843a8fabd340b3507,0
010bc5b9ed29667220757aac55435f994dfc71146b055dbf4b2bb4733e6f79f3,1
0119fbba32c03ffa8b206d861bac7d830f7fc703317b5fc9686ff387db5fc5b0,0
0135225e602b81dc89140ebda206d1939e6d322099c86264813d7ed982982d93,1
013a3c973e8cff803f476194bab5d3bfe9c1cc616e11a1dd5b8117210d0dbc10,0
023c79774ba7b9ca03cf45bd97d2bc72a05ef30f8080a7037999431bb07e0e8e,1
026dbbbbbf4a8740414e4d5459aaa54bce70df3caeecb985dddc6d6fb38aaef0,1
02990ccc1bdfb63775dfd4fca97eaa3f432fe7445a26d77dd0b28b6b7b45d887,1
02aefd1024d09d2f8a13ddc2756d8c33382c426c154533250820dd920490b118,1
02d0239ecf28cc71e03caeb98cf0a0ec202368d11c6259ffd205e072fcf72022,1
02e210cd91e01fe6db92e222588b7af3d85c07e5e2c6df6e0b20e7d915ca9b63,0
03354601a2c9ef659eb67aebd2d43f7111f5b8eecc2b92c9098035d9bf5bf173,1
03784fbb709ec20b945b3145da15d140152dcf72b2ed580cea1f8c61cb1e308c,1
03c3815ec48fc72230e3b5a8801710023e5a04163e5479c7cf9d5a3090647a7c,0
03d5f9dabe1c72f0ea24fb2e6a6a66f08d7e0abc23a4a524e1e8ccf26ab0c3e3,0
03ddb543375f12e0c5de9b383d8695394eab3917a39f805389b5cca86a0ac42d,1
043b63f71ee3ed2500d3da01af9439e6b7415dd5406c037e1664cf2f695df352,0
046d5a9cf19a16c6f152a0096215ff0cf1f2c2cadf61b2e5e999a93686bc794c,0
04782b47f8fc3107044652350d4ed036a435165e0c6816bc4fabc7d903188ad1,1
04a3d416ab2c757ce775bb04c1aab8af33c9ca2d21c4576e6f0a39b64cda4a48,1
04d0e0d14b9f1e3bcc2fe8f5ee121a7a1cf6ab16bd19d9f1fe68b97c1140ebb7,0
050a10b9af75662f5c233d7b5d9112d3078b6143e3e3d1029970089ac940d8c3,1
0526a59f6d182734c63aa10f65db470de53aa6d227e734c1c7e6e10a7bd68154,0
053c89f3f415afe2f523cef596d7bfd7dd08654f3e14a7700bf887e9058f38b9,1
054398a6826358ea9aa63207454e7e376a4ed9fcda678e488782e26f337a5a17,0
054e50bdbb586d8fef2e70ecfb050f1305ceded0fa8ddda43d2dbbf073876043,0
0556d36226cb873bc042f4fbf03d49d5fd9f022eb60e62c8d6da003ea556b69f,0
05796ad85347013965aeda359b747258ce35d245067ee0c864eadc20effcf036,0
05ae15ed8496679fb30bf575ecf95f5736e54ebe89a9bb6b991f7214a9edf82b,1
05af26280168bc7386d79cce5db6ee1cd4638f5441b1d0cdb416af41d3756044,1
05ebc75c32c1bffa82e9d5a161cf47204c42fccec408c716824d233df305a684,0
065edfba06b711d2692dda307251ee7ee7a9c71a3707bcad6844513835a909c7,0
066d9e35212e6f2832b69c23591865f4ed357193d9454c1fe7bccc3fec18be9f,1
0677aafb191ca176255ad22320bd38fa8e9f59817c6c14cbe0a677ddaeb7e723,1
06a6f1f4427cccffe14e7dabd3317149a7f2aedd8cbd1122dbf7b58a93679e6c,1
07143c584268d2bd5d56108b8067221bca97d3ffbd74d1dcd30390c5396117d7,1
0741aa971736e225e23e3ab24869795da4a629b4b21cef7aff5bd09c444a686b,1
077715de6da1bcf5585baea503e3a11d80603e9458df97669c471abe360f8c80,1
078ba2c4d69aa7a26ea94f83fbb4f1d3dd6eadfd40f74870d9cc72b98ce107ce,1
0793fcc3e6311de524fc5197bd650f9fca459a4aeda63fa5018b25d41dabd748,1
079df7526a02790ae06ba5408a3cb74232f464d246ab558405d51d7131a0eb55,0
07d2c25414fcee340164724e3e3a6c6c87fb31a5c636c39889fc26fb6354803e,0
081d61df33a0bbf3f8c0cfcb966e80e141f3c6ccae018f45d2d3546c8ffcd905,0
085030c1b15e8c38f4bce3663cee43fba5682b5ddf58ba314b8a94f62a2d967b,1
085ce35972615431bddd999e19afbf3a68314a74e5d2d2bc9f5b6847c2ccb3de,0
085f31489b91a9163ccbf1a4f8c9d592d71aac8d745e28313b33af8ebfafaa16,1
0879494571146b4c174f83c2243d03e8c5ca2768a9e82ed6a3fc7da8d53c2671,0
08d10c14790d359380dff242115e7d4b29e76d9c267764945e5ee6e3d392b303,1
09371eee4e5c21ed4fb5a0fa15305bfa81bcd32399d248b0a5ccad440d8e683d,1
0976831545217b3d31bb273f6128cdaf746d0659f22a28c05b0c8ad89ecae15c,0
097b5cc854cac061c9de8d3c79baaf868bdd31d17a78a6668dd02c8e4061615c,0
09a8dd27452c1961c57f93847e74f2524319dbca066e97f79b6bbce318db4533,1
09ab1604597f2af08db527b27260c9f591b006f5f6027d4ac4a6debf764c7ee3,1
09c4f8a088a892033cc4cc913eaae9e218a1dc2e32004daae59e702b00d8fa44,0
09ca98dc3f25b3c8c0afdae3ce6926f5fdd4ad719ae9769c6f38d65c4cf91e93,1
09d3bec720e666008bac0e5460400b4b97611466a3b5e3c406b0621b03d857ef,0
0a37366504c6ecdcca223af782055c35b174aecca8cfbd3862915237ebf23d86,0
0a4514684c4e2cec2382a177e036e7f95c3508be38248af3ee08bda59153f3eb,0
0a61c87dda230383abd55eb25abdf0074de7af888f404a1746cb6e0e1a423184,0
0a87ab3a290ddd934bf8cb00b9e14be101e42a650f8f80c656bc3707f7751e95,1
0aa7d70d40698e661e82395c5fd6a8adba67c031453900d3b9e81d6129baba91,1
0ae42f25c9346935ece2939177c9abcb06a32353943d5c34e7efd82a0e5c2944,1
0b18e1ee320c6d0e1282ac77e670ec0e90a6cf9154daa5c31050197a717574a4,1
0b5e44915401833e28f0cad6c181c63c03d95a605118063cdec6b3fefa4c869e,1
0b6ca0a7441072445cf3f7519863f5683d9d310df4f5375d707a9760ee302eb6,0
0b8db9290fe284d6110ef4c225e8c168fbada1326ad081779bd44c7619628226,1
0c526f82faf7561e78ed4e0b1a04ccd2af5c8246b078891375c7a22b9d4698d0,1
0c554c28b4a59259b4bed70a9e18caf1296100bee7933745b6a5386701d6a48e,0
0c6e2f7aa0c4a55a5f75570ce955271f7b56c4cd3664dd12290a686149369bf1,1
0ca4f243eece77253f7b0119c38d0490ab2b6e6b7def82f29b02c4325fd440c9,0
0d72c7f6b8974ee6499af570d8200f6f247b8176a099b005d346e7321c8b3bc0,1
0d74d8d5e14cce30d59f595428e2ee7ca449ba7afc72ca3b3304004c9a564a57,0
0db5af08a23b7cd29ccabf072e8c347807d454cc28cbbf44a93f8b70b0430a93,0
0dcfbba4fdaef88c20c13a13cca1783973195330c7983d083a8a4b0531030535,0
0de968d2349d480c25a499a3f6297bedc36d10735800ccf23035a14a2c9a296a,1
0e00f1f3de7e438a72c0c0393af20932f3925c356a39ff9574720a74fd759283,0
0e0aa55214f815737afdb6b6dc7cd7fd7295bc7cce7b11e7fd2e5e0bb24a93ff,1
0e22b38393a9f03cb7549964452192a6739e3a93c991d3c6314cf05709c040ad,0
0e393b3ae15433aff53c3f6e433093b55f3c5c372bf7fde22502832a544323c1,1
0e5ecaeeefebd4fd27bed645f2366ce51538d8288531e6c4d168784c4b41e009,1
0e6eef43eb0fcceb7a89aa1373a7fc1f0b313a3680c2ffd259e85aac64592f27,0
0e9eaf579e188acb54686ae43d4659d63250f996625e7e23f00a17ade12be1ca,0
0ec7e993856e5694c5a272a2e3bfc2743d924f79528215b9d716935f4bd790b7,1
0f25566a11e75db367182adeea7329d1fd097bc23587b94ad0692ef5f1898ec4,0
0f8f288df31eee5c488b0961b194936d444f73c0a68e26db4da8c1c082586da5,1
0f9a8ddaee7bd9a10f620b5fc13d1acf2f3cc90e2474f553f7336914c5eb54b3,1
0ff33307ad125ab7ed5f191e90b73d3d08ad8107a5820a9721c8fc2fefcaa1ea,0
10a7ddc1f285e57ce7301a46d078f3652cc3429e74ba4b9218dd0458b9ddfff1,0
10c2ee9df70c157d7fb3b37a10389923422cb63614e50507f8ffb27ef541e7ba,1
10d3d162f267ae76fc9ec3d32c3213d75f23e9dc4d54ea0f1618b5637cbf891d,0
1123471c81f8f6e03076bf662d5766e9253357914deff777f83aa6a819314de0,1
11395fbb0297f0fcff5c38a259987261a29c0d6008ca0c58ee700bd43d032996,1
115e7ad8007a12e84f912c3f294e3ce4cfc990d40c12d74bbce7a15864a7b233,0
1182281db7070b91b6b82162ce1b3d5425ba6e0f22efc3c9937564f1ac24bdad,0
119b4e59c35e8120ce8382a3e125a914c0fc285c43de77bff19fb56a3448b312,1
11dbd2c12c13868bd1bab0853df5e7b34ae5394e78c6142c669a33726325e03c,0
1245fa223ba06d108cb6f887ecb8403c5bfbcb2a7c2948fca07b815d90e2bfed,1
127a1cf36733561cde5627e0852fedbe81cb7030b8f0cf1fc0fb61dd31376d98,1
12b16fb44d75be697bf5f424e43cace823d97672fc9e581391a8c4a26e71e0b0,1
132760661468a91416a217ea4e425aaebf0fb7a715c0f391c68b0a7f97b608a1,0
134049987b8fe9b24e4edfc1ccde8d4b4716b34cc943bc4f7c0c7a4f1bc45053,0
1367edfba555504eb9ad16e86b04510f64c62bf7eea69a900cef57fad3ad2d35,0
13743f67264c7469add928571ee209c813ccba5c19a8e0ee267be72e64959c9c,1
1389c5bfe498e433bbe9d5f82c18fac359eb21e247fdb25488c340dca6a2b5d4,1
13cedc3e3ca8eb32a7f948e86529b2b8ac226b3f694a000fbb26e353983d84f7,0
13de8958bf0292175a983b87e98d7f93767b1c649a2b27e8ef21d6ae730d7d7e,1
13ded1709bb83718f483b9fb2176cd5b540b94d8a3021dbfa7d2856a80a5e405,0
13e18f29115abf64cbe454ce9f612b9d3cb7d31ed53a35c0ef5a1d0bb7891292,0
14221c56dcce3bd44b266c522ec1c6caffee1982b98a25d2000d6f1102c51377,0
142c0250de5c1186f430f87b99613df3fb4a608f862baa7287f430a84ab5a2f1,1
143550820d7b88ff42839ed2d0ea833a3954e5326112d248b8bcbc50d407857b,0
14671085540b96aa913354262d7a31f4d1dfa9bcb7741665ffdc8936dc69b9bb,1
148804d75df99f34c120db94d2339164bcedaddd0669e9814e1f280fb7c62f8e,1
1488c7036bb18a8742a3e5e529a0a8cfc7b20833182ad643e4236cd29a5fce51,1
14dcc644f5a6ac73bd7f1784810f5edcc12e76b014a9532863519bfef67cc99f,1
15109e5052cc0c2370aef464910b384dba4b02e7b12c601f1a6557b5a7a3949c,1
151e02b49a3bbe15c64221b5ea18a086e906ba2824431279585cbab36b358b60,1
1567bc8c2a67854d9d52741ddf48ba38871ac49214381120fc06d425e5cd6170,0
16142706201a1bf9947d3db029982644de8b41060574a8c5ac45ac19b5f3438a,0
161de35af607823fe422cd1b03432698dd865d6fa976a27bdf441b94974a3e9a,0
16491ab0a34be3751000feabd8d7201ef92941ec39335d970cf8a7fc1aae826a,1
1680b3a91404028fe78a84f0a1ca2180cc63e84139e2e1562398debd181558dd,0
1687eac9cdac16036966ab058909dd779e339dcb96d8df8fe208342c3e0f9e27,0
16cbca3eadbb838d52216ba6e483dba11d03cf69c0a790424c93c868b29c18f1,0
16dd598982a81ccfab28ad58fba8e566b060aa65bc914a5fe33bb6310fa20cba,1
16fad474245808cc01b90f03bebec6d67cf378ca42515e0e6fcc46b833b4232f,1
1700e172c270c2e34d48acbb20efacfb83234f74627c78ef4ad186a9e7e5a375,1
17b9d8907f32304ce625a4a4db160f1c708148bdccacaf3b269a9eaa6b3cdee1,1
17f7c191affeed0506e553ce70c00ae40db789cf77a47eb1f03d2c5fe8c71353,1
18234c56bfef6c59cee61ff113e7aa25ff123fac0aa32bb90930622b5179f646,1
184c25e82249a462a0a2b336defc27bc05b6d155b98ca04303b02cdc4ac89ab9,0
186c3a444d56f6638a7cc1f23960e0a0bbe9acfaa007aaf30469f30d43909bb0,0
187fc8a9ce44052896eeabcfdcba93a86a700032bced4e5b41f674ef5f714a3b,0
18b3be860883d3b3fa678ed92953adb3d1d782669d9b57c1eb890845f47e9fcb,1
1914bcdacbc1536c7994f9608f0f80f956d3d1fa4d38a2f26b5d88397f920c05,0
1934583b7693ca869f19ccbb36c4b9b13df59ac05234b3d1db97ae33ff325d61,0
194203294c5f6028fe53599e87a2d2cc732a30fec1624db9c1d81627323a7936,1
194d9df66d5b8f0d601b0570a8f2fdb53e5036981e3c9f6b023b8e7429b40603,0
195b802329b25f49c700a0bac42f8754f599e304baf1b0993b6bd7ea8d2ea8a0,1
197fed76bc6dac993eb4ba421f03a941fa9d26407042ace56c0f670b1e3b9e90,0
19d04d7c93bf709cd896f93981a3e94e5c346855682f4cc7f46043a23eda939d,1
19effe14874b4d88715cd3cd70956be81b7b80f4e7033690051bea2ce090c1c2,1
1a33b6f20cbf30970c2889c38fe5566c0a16f78e14d77029f24f0fe2d10ea057,0
1a74d60c81046096ffe90f19446fa02f40ca09d69b0bc2ad0395dabacb543965,0
1ad2bb9c605474cb8cbb51fbf9e8010436cb689eb36c1f5440ea1e4f26c04c12,0
1b00e715e2f1052b259f4b7dec439065ec853639c1fa1e33e20483e8f74a0157,0
1b016531e08c0356f095fb26254f1be93c52157cd2da223dd30f6efa6194c52f,0
1b8e1de5e39eb72a45270778a05213629602ba13b18d725b115de2bff1c95ba3,1
1ba4336af72a805f3a3346da2482bc4cbb95055e8186283815383332754e2c4f,0
1bc23059b5a8b31177c4d004349bc7f1b055ffb8c7e2f2f089103312f6370607,1
1c087256107a3c9677590236929be4ab18e25cc2a6b94596a006121f53849513,1
1c3a170394e881f2090a1ea1f10a25ac3e51a1f6b3a194499f8caa733ef9114a,1
1c4007b02a6cb048bdbd42be7fbedaf1fed798f74401296ab1bbf06f18b809cb,0
1c7681bf10bb40ebc2c632a9e46a1e76a226529c8498e6caf58c555577236422,0
1c9847a2eb1f3e67c492135496342bbb3706245542276905b38506d0725ae1a0,1
1cad0bc87bf2ecce99e1d1b4b48b005cbdc17496215f28acd6cc4811ee1f0bee,1
1cb15a489f0feaafded6e126a6c6b34d4426e63645fb8659566a2c522aa65ea3,1
1d1fbb7f06df6610fa253fd3f69366a3744db256389b6256b9dffb1850c665ea,1
1d268a7e9d50c9a22983c21c14544602695672bccbd9821df4a15e05fcfb11a4,1
1d3c0daf29d10a8d7eb65bf036f2e10c0f884bf20ced043daad6336e8c728c3d,1
1d815d9c56259e12361d76ca1b2445b8cf7c1a4ffec0508d5b59680917fdbffe,1
1e6d1f9cd90f04429915637011049f1dcf54ae53270bb6f4cd53a357f7e77d2d,0
1e7205be8c053dff831a7d4270dd53d5d74e9a6d55887af34fa2f9565c1dc6fb,0
1e8c650b4ecd67114fa71ef804467927f4403306364ef19dc0449cc607eda89f,0
1ee3760f8902883680e80eeef1961da833f05b09bbf9e46de4d92563a10ba6dc,0
1f15f0a8643d67f61f683c940ee0d3772a44111c5bd84f16d96d47bf60bddc43,1
1f17f98ab2cbc8d078342c56b56c5563dc66330178af749cff71a1e964b7ff16,0
1f953f7ecbb370613176712ea154f70e1cd69076462ad4c394ea816160b4b9c5,0
1fa326f12442d78fd55301ceb084227d3db9104afe8a2983a89fca3aae8c0c47,0
1fbb37453598493ce848601317ae7a2a85adb6955c5ec36de0d0c4a70a70a748,0
2018ef5c77a6c7fb25f30df8f5bef3e8c74053babe04ffc88ab8c00e252fa832,0
2054205fd1f5115e88175e2a69031abe2f90b78f3b74dae3728386f0f6b9f1dd,0
20a68abc51503e9a346265f532c102ee6e7209c6157adf945db15f1f947a7644,0
20e9ce1bc6f3445269f95da4b1d5c9018379a3077527b4f196a08f148d65fd46,1
210201415eab3b39b7c39d62389390d91bd3cc81cda649e2e59109fff837e2ed,0
2182c2878fe1ebfb37606cc2d32a51d7b854cd259aa733fbb8f090d82ed0ff24,0
2183a97f18e25b4f4367954c7c68f75583388ae9bfb87e66f28e2110be87afce,1
21aadd3c7df549aed79f10456448d98fc3d026d8e701c4a931e36bb066e3fffc,1
21d0200783446c61f19e73e558b0cefc9ee42012509ab16b602c98b7ed33a4c8,1
21d3aae4ad6512652fceec724b2969689ce768d4b6d0d874786e4e4ab135b774,1
221917abfc6c93fa16291e0001472f215534072d6a10aece980d580423a6062d,0
2299c0c7fe0518e0bf1b6998c360647c7a2f9d3fb5e5d139ed8ce6861856b969,1
22d68a438798859c2f5fc4c453e280d570cb4a27d3402c0a50c397c5f0f8d56b,1
231ae9d20d79362d556cad0edcbf38351b809eafef7b02346e24b7ea8cbf9a86,1
232ab18a2ad7e9eb6dd72c90f28302a056e6e9d74c8182f4ce8521e838b89b24,1
235398aa174ac0809cc8ff38c024c072b275b2a2eb40292e5fecedd227572d56,0
235535a256b67ff3c5bd9c671dee5a83307b8e43b64f8ecd1e343c252d721a7e,0
237c60d982d02c97f6986c0a4c808dc719888977bcca9c1623893c7058dd28bc,0
239e85c11797c15554285718cc28916e15f8e96fbed7b5d813c90a81cfc59a31,0
23c97c7fb04f645292f71ee6501c8d2aab17ae9c5349e9cf47022eae47a94a86,1
23f32c22a6a45ece4f29e5400378036eb58762543d158e2eb4c6fc81ffb058f4,1
242c5b8ac4a42271cb81921c11e2ab0296594fbdcb23119faa2142f5e6603a34,1
243f77445b2ca9d26bb0d2793fa63630c954da6adbcc386d8edf4779ecab1b57,1
24793bb8204bdd150457835ae043b3f64ccacd08a921bcabb5430bd1c9fbb0b3,1
248bcc722912168b7cbacae292471144c60cdcf232a245ea1a563889f3ab79b3,0
2492c93b0a9d57609a08e59493ecbf235965fa938d9563fad9bb919b9b5418fc,1
24b0b5dad29afb04eab759f37a1b009e0388d29d907c4658b804db5408626904,1
24d70fa45accf3a7826feb1c819c8c55c441b1cec1af6160607e3083b937b5c7,1
2513ea592ea31474a539d7f1b69cfc452cef700641fe383d216c542b8675bc93,0
253655db56d009f4e81ec3841ad26335ce7cae156e1f5ac8740ca784782167c0,1
253a02365501b56853f9ea00eaded3fae389a563d7cdc61da5cec201b17c1b94,1
25411c6743f0018d869dd7616e1b92e825dd5d7e7ead815a9f0f85bf7d93eff1,0
25a0e8e21c68537a05ff7a8f5a87530db886830238fc76b53a2189b5513178d4,1
261dfe0236e563aed092ee47d671d6f917b6bde93943ff2c4037165c84cf2ed7,0
263cae67ee37d6693a559aafab000bad8c4dcc68bcda325929154dc8f33c4ee5,1
26a1eb3eb490d6250826258963c676314993d69dcfa0bde6be406aa375ea96f8,0
270d3deda71db485ca7564b1c82ffc1ec025bb8bdad1fcbe752928e8908a086d,0
27168b2af7eafd4c6b4300bd632174b16f2275793b4e47cf69d1960bf014873e,1
2734e7bcda27c452e89b120460814c2959415ef78231e1390591ebe4b7664b70,1
273c49d22b665c834b313ec5045078af92cd346940bb20cc4a3af3fce59e76bd,0
2740bc49d00dc7d11f6abdac92bc0d7e1c38275a36c55693043677c27992089f,0
276defc884468de94ee2068665caa832524ab9fce550c9dc2ae34dde8402a720,0
27c0909a7a526e997bbf74b6042313540565fe8225b1a21e780c7897a57d2505,0
2804f1f442582ec5cd20c655ae55aabfa61f36f2abb86c158d3976d458830f33,0
282d3b5fe6700310e1299a632fd8dac2b88e57d1b75581a6b87be91e078e8639,1
2832fdc136764a9f6ffe45b1e95c6cbb2bccbc8611c56c7a1acd05377783f028,0
28abc4a44f6e8c6575e64b71551807d38a7d952fe89ce645f9cb4c234746bff1,0
28c38cb3d4ebb15bf4628c1745335f0b2a1d487e9fc0e685b41872876ba33889,0
28dad9d720c8637ab11c44f215ac8ed0a28c25272a74b71746669301bcd3e81f,1
294f927c0277788af44d1e4fc6591c2822341e1df4ba572812f8231ef6a8fb0f,1
296a8fd3f48abf58442654e5382c69d578ca0b540b771d9438fce151d8f904ec,0
2984f2f2d14a8fac9d60d6e4df77081fcb3f1dfccc7c891374473f1a38d2eaa5,0
29cd2316b690267f84b2e84aad9d81ae5b5833fcffce66f707e554d014c3cd63,1
2a0e7cb0e502c4cc36b6c796dba3cc45d06e137fe9946ef06eb52c169f060c02,0
2a1c566c896616f28832945d531b904b1490770dda106fc778f2fe30e81c8fbb,0
2a28bb1d6658ae2f0984643ca5f29833a778341cefe481f9651b2dffbcbd7923,0
2a70546e949190c8cfb481c2bb43f6d2c34061a6f7503a5c1237b75f07472862,0
2a745f8b2e98310a6c6858c6bfc6aba1530f9379be1e8a259f11ef116d464e71,1
2a887154cebe90d261b7d7adc05d4139284091508b77ebacadb3680ec5982c73,1
2a9f6a0166630e87fa3b68004314126e07be7a247cc1a0e8c2c4834ba61b74dd,1
2abc074fe4b9bbd35224f7422113b75242533ee091b00f9a0bc501c1f448f0f7,0
2b17d66742ced78df9105de7e02089dd1bb6b2e2bb5923b646856ad08acbbdaf,0
2b2685794249f2b782fd2e65871abdb7cf9df1592cb7a3f5bc9fb93a26d407ca,1
2b2b24f9cd54ce1ad4a009a85a384f3b57903e02973bf75aea0243a34f5d23e1,1
2b34fa9c62368b76eee823a3152cd2ffb72594efc982178cd821563684d71fe4,1
2b7b0bb73ee168a2d83a1038f7859c177222fa34736282faf14e5ff97742577d,1
2b8a863c126200a697b7a9a9b8c872247bdc23341f1f4d77c5b989f3046759e6,0
2bc0daeb6570017b33c65e684cee7911d46f4a86a9d4adfde612f23ae67456e3,0
2bda2f6c74552e959e5eb55c43f6937f786c1d6fb4209774b02e6f0d3c533462,1
2c35468034c44f34fe9323f017eaae852b33b2cf6ded241cfcb7d3137d3ac469,1
2c77ab1666231f88232df94e456880b30d07049e4af2546871f6ca17c9fc95f5,0
2cb1cc600dc0e79e3e59eda67dd5899f340c0ab0e43dfc3d7d19e27a7b9561cc,1
2cb6268613731c507291412b43beb5910d9429d859323da61d751829e364d439,0
2d25cc9526c07ae69c313896a9230b1c68031e713c4af777668b4a1d37ef5b11,0
2da83b1236035a0c32ed820a45ab7c742925a6e202d4bfb6aa782dc05304f378,1
2dfb7d7ced969f6039a0de58a039297c4b5bc91b548ce6fb7ea649ac782af34b,0
2e496d156cc7a6baefdeacbdf541dc41aaed574ec44e7cd37980475037b46120,0
2ef60f7e2f055c04ff06b98a8f2453ad9f1d4345b0f6791acf3ada809575a288,1
2f1dac7685511596ec14594b006c571713b714c31644c2aff9db02dfd6997883,1
2f6e4af9f8446cfa6240c6b09dfab13a861f598edbd2c6d0f525406607636f6e,0
2fb128a8e917b887dbc013f89c2bd79a0eec991fa3aa4e86321d682bf45370e1,1
2ffe48359d2a630625fbe6f6dd20c8d71ba8ba5d68e45b7fa2e309367cfa1d82,0
306ad28b9b3878442fb38d5cb6a173de03bd7dcc1825d2d1da21e398d310f475,0
306ae1c2744cad49e9c69cbf5b37c1047bf14513f1adf42e3e894ab9286759bd,1
314c9f97aa188d987c65be73d6dafc2ebf2dc2d72cc07dca5087e75a3285dcec,1
3151dd9c74a5ef6d820d4252c869b81bfbbb29d7b15cbc315816ddebf7349741,0
31a80492e4468c451732c3d218368e6a0e0a39d19f727c6b80bd9d2d28ed90c4,0
31d8a01293234dffcc7e360f9c6a9a2a1c2446a81afed53cb8feab31911ac6e1,0
3200a6300036e10ab6421e9329729772ab09eb220517070960c47d8c4bfe9163,1
3248ffb7df4f6161e269a366fa1e248bb7ae6a6e5df5ef50830ec0ad8b833ace,0
324e34accf50afe40dc51ef3ade33d662c8c0fbd73d1f4d9300128a4b394a315,1
3259f4c64d6092d51a130a901bbe493f0e60ec5f943f1fb9436979e52fe4239e,0
32932f650879d79a935fa56ac3831682387012410f77fb0ebe3fd8252eaecf0f,0
329a64de1133a07ceec90c0fdec0d256f2ff2bb2a7d5ff3f3e731e4886316006,0
3304fe80974296bdea12387b47340a4df501128cc4f4f3e3000c7147f165bcee,1
332779304000af308aa78dd6cf166616331ac80fe7769aa2109549c6910316ab,1
3349b02f76fa25e8d29281de66964209b0611d20776d0ad835128409e6714654,1
335a9987cf0f788f0839678e5a3aa6aeaf487c076abeca3d0854f820088f2097,1
33705a1da24702ab6fc9924880989dc3d8116b37aab0b9070bf622c563a7c722,1
3381893de37754fc453580c3bffade98c4776f6973a33e258e781e73417b34e8,0
33a02b87b792add212e165554c2cbf5d9dcc0cda7a5e02ab27c29b0f7749b0fa,1
33b6776a614c5166ef67d5452d9bc4ba6229cafde4305c28450ebab780bdc765,0
33e84082fac432c126916bee6b1246720709615f5c4d04bef3e7477d42c9897c,1
33f854c8cf9ada32a6ec6ade6e5242aa3092f7a96aa2db868f4f03e7d3b58461,1
340061cb426a4c63cd41893367fc265a05783c2f61c1a188449d0dd7ee5edbef,0
34e726f9dae013304e9fd74126d39691c431862c0bcffc3bb9c5b8658372ea2c,0
34f5bdb6812fd70b8f87b64d4e7fbc1e3b56eb23b285ea4af672fe420d36e752,0
3512aa78eff63829bd10f045b11fa213f85566aca6a3c5ab3620165ee62242fe,0
3528942c2c978fe9e260d7fcf07a48e8746baedc86d6da4dab49b53a55e0a158,1
358558f697359ecb51229a42df9fe3a31d5cd64e79088a19febe4f298f53a5c1,0
35870b87c9c46c7e3a4ee4d8ba349d367e18f9354675876dd432301c52246685,1
35b9806ab9d761a0a1ca90427ce893a11ed8a7528019c07836bcdd79cdc80216,1
363589da867739d11ee0d1880bee7ac6e6586530e9f9ddaba8796d5a909400e8,1
36414958877eb44ee9e7b917c69a062f63b32dd4df95365552a0aefb4f180a91,0
369c9aa62b69739675d55be42270aa7b4dc531b1782f6e9040c03f1e79cad136,1
36cf9633b1ea5d7fab27783c6cbde0ce57605c7a73ec0effe4f2494fe32c43bd,0
371bae70d492d4f18194eb8a5eb4f37a3431c3a7d8acc25abbedca042f12f4f8,1
37205bb1d046420840fd3f8565e6432c3c0c8e213674457891e0357578e2773a,1
3781b8270f83739493b02523b0be97eb498d43102bb41e464525312259018d90,0
37afb893676163d21dbdd6ceff169994aab412235274dd3046bf21b39700e523,1
37b5a4759acc630343664a553966bb9d636d0c08ddd7dee22bc221b0eb02350e,0
37c53221972a4994afb4b8504f9164193978a33ff9c72049349977f69311a37d,0
37fb6c44950de2af549f8d38b52d8ec8299cf6b6c6abf63b88ffefddf332e650,0
3835e38ee4a059d63f6efa79fa5705d7e4433bab25ef140d2114ebee3e685a37,1
38655c6d6885df2091fea175c04beb22b2ad060e3451b249f75f9bf72bb47a7d,1
39581620888e8dc7ec8393dc6bd0bb7d99c47ab1e4f545e2c83bff28ead0c099,0
395fac5fa886123873d8fc359c424963e8fec81ecc07bee6d45598c6ed00a930,1
39bdba19761862b7d28a6e115793c62948bda8e79a424a48b25f1912a11acbda,1
3a139a1088a39a17a4b2a6ee2a75e70694b7185a44ef9365e42a2c94bdbdf8fc,0
3a1728d07216714d49a70b12e4b91796399820315c07a8b2e9d9a0b0c4abfe07,0
3a2149a123a9177c82d87c9b6437009783503968f539988904f3b0eac16e5244,0
3a504bf261632c6059b2978d60af051c3cf55457506759fcea1a154444189c50,1
3a9068c6d98677372a4143cc44c2a62abc45345dba419bbf6116d129a49f4aef,0
3a9518b89fd707b70f4711b0df4d95b1153b204ee4104b74c7ea6a4ab2316cd5,1
3ac1dc646673131c45691b5683d0879f57467db6c95e1899f74f77c18bd64a0c,1
3b2e67f713cd613c352151f7a1d8942ea310e42d3385bc25d35fa558a31d8bbd,1
3b67ab6bf6c64bfbe9f4ab897e985f246bd0b9d0f338c4cbf123460b3a9ed75a,0
3b97e088fab47f87b73de4b53a5c08b5786eb194c25a069eb81a69d1a2a3d3d0,0
3baa5fb8b7dda7893e5973e17fc4fbc1756324834394c2022fa5d67e383e1d4a,1
3baf13238e5a2bfb79a3bf76c5941bd800bff17af0bf2543321bb5f9832e09f6,0
3bb55ced2b8d9b388dad4a450c22502be985d18eeb257248753262737b294e1a,0
3bcf4a563c9497f9154a16e12ef99676d4cd3864dbce1ef117a2de2788ccbedc,1
3bd1226a31a6ba66722dcc18be78547cda814d49b1e844a3e452a9731ca5fd58,1
3c1618b283c5e12f5152bc1ebc6ce6963f639be610de82eb7366fbd9e2f95320,0
3c43194005ab495f054a0359120f0feec95e034a7f9706692917022ca3b5b1f1,1
3c5d9b0d530365c6f95e2e26b799647936225f44f2081ed3191a05a1a9c545bc,1
3cb9ad9afd563a8f78b9c8654e6f8e3ddbdb37e7300ebfe94468046b1271805b,1
3cf0b8d2b8929c2d70a8c700f599eaa41a68bd16b1445a2e29aa748ea659fc90,1
3d0af4c5469c5a77ece3840a7d47e9dd1a93a954dd40ac152674c2250ee469e2,1
3d1fa02aa6db456b3c7e56c6afac70484708d2e34a5588eae10836c2bb910992,1
3d71e4f4b4e21407698ae72d8b46784d81df801c7c06f6fe4ac0e6b1bf269e7d,0
3db60f6a3bf701af2f9aac9d3e8dfbe6850bbeaaf2b07586ee76132dacf1e104,1
3e6d59b2f94b82f38f0cb12df8b75660b7e743bab2a8c371564fc12388bda448,1
3f1688d379becf41a65a0a1600bd86c3ea3edf10c32c508b8b9fe8665b94775f,0
3f237413fd27498de775cc4160e0f0f59c5d8d1fddf609c4680f022a5eda8d44,1
3f292024b0f4a8636b5fd106a600802043527787266b2cbfccb547d86c44fbf6,1
3f6e37e59b819744edfcc2b75417a871df85f4fb7865dd5d31ad108cc23ace38,1
3facb6f39a21af19099d6cb86cefbfd2489c060eda742d6972d2bfbc7e85ec40,0
3fcd493c7c8a02dd2edc4bfa610c23cab25c874b953c80c617dc202ead604671,0
3fd8291a2d6b0e829d6f56935aed4e028ecf64aecea270a907abc9816d5a2038,0
407512f8d6ae6ad018973cf36fc3f72aec46847dff889644cf5b807462ccfffa,1
40d132e5eeeb58402d81dfbc968c20c45b8fd5140e4804d6376dd04c598b00c8,1
412eb41ce8bd30ac331250823fd969f9c4dfdcb8e881510135a315b628bd6742,0
41569b286d9cba35d66165daa174f2b9c5b8e1573e5467cb8d971f14a7adade4,1
41874442c5162e38590622d5f2e96584a2e64b7a9ca9f4effc185cec350a78db,1
4265be82d5472658c630b174488c4616e49e3dedc68719da16fad5955f1d4e7b,1
427f7f092897b7aae4b0b8a60da08a079cb22f38d843998dd2cb22b48a5a997c,0
42850a76a4c7d1117c6a6146995bf1aa68be0792b0fa2926430be2575bd7ca34,1
4285c27fe9967f180cd613a264221749fd85d18c8918d5f05e24dbac3201dff0,1
42ab7271934024ed928a07513395d69234f8e0783a98944d92dc51af01a40a77,1
42b209c0ab6c32e69f7a0d665ad9907fd45ffc9389f9c01a621f31a0384560cd,0
42d77e6ff7f7e42017c03af7e3855b2c65b703b5ddaf7d26e9b3c45ae5827363,1
42debd73d642f3fa49e4cb44439707a9246951344dd483dac7b418879f085471,1
42ffce11c42c9af0cd8882693589239f731641c2c0691cdb83b5d7114aedd579,1
431c165087d8e5d0836cda7113524ace34a21cb582fac419846255fdd3452f7f,1
432882bf704eaa078d9ed2d64b058e2541ad050255539d7446f90ad4fcc17bb9,0
43548eb3270dca996d5dd2a577659c13c8a5d65c224b419fc39a3a92c6b17b05,1
43aa65663011f08512a0b48f5a86d18fe73fe96fb542e9a13eb7b4b48d5565fa,1
4435e74e9b7ba9dcb3eb2bf75dfca6d0151b03a434f52cb4837fd703735cee87,1
4453ecfe00bc02e5c79e57787fffdaa74e60d40be2b438c81851e7c6381488d0,1
44742ca8449d234796e33794797b5b5e63bf1aebefdfeaa9d15af13ab8e8f539,0
448515102aa41bd763910e67adedc93325f44f4091a7125139decc24f73b822a,0
44e9c4c2b9801021b561c7ace9c7a69e3f4abc598962c0af96f7945b0fd33289,1
4505be30d2df942733f42e932fd258a6bf49eb5e75ed6b96cb4e20fc126d48df,0
457524db61f03d4cc1696eacfe6c2d40d478a19edc97fdd5c2ed117fa8666598,1
45ce006d8e07b92d56637bb2991d347f577e2cb31e12bf822d99b804a181d9ad,1
45e04ff639d90ba1d4ccfa3859932a1a3d41a1ccba393637465ddb47e0d1797d,1
45e56b0b5206559475496ce588c5b50b7d13beb4a762f81ed2358c80922277f7,1
46253b0073f72f91e3b02e0022cfc0cccb51bd72eab3e09a1427de48872ef253,0
466a35c6ee57c0e288a30185ad75107501f15f17ea5f99625d44b426c964ae07,1
46b60373c7bee05c261e5ecf676505853afd99dbb66a199cc3490ed4d096a56b,1
46fa3caba607a5ba608d9a9cdc30b07e552a13388b6c15740ad6335f6d9e5523,1
47be81cad0f47f1addcbd36fe6f11155a1ba5ecd492b5ac81230d8fe8af23c4a,1
481bc1e5273a6225baa126c9e50272a6e1010f6110800940da348596f00664b8,0
481c788fdd14d87b1ff162e7842798ae30b6b99fd37925561352b9a50b1d6307,1
48847e6bd58209f1f200e4138dafc032ad20a746183a2ef5982296e85215a0c7,1
48b830e9f93ec7b1729627c864251a77867fa277d30224a71292175e7c33cec7,1
48c1aebe69bfa39cd5c0e21f2f4588343f621b15f9eaae4e794d5d8e7119520f,0
48d8e1c2078507133263a08c3eaa10a5d30fcfb7b77f001d691b4752e17d61ee,1
48f0343996f7aba98cb96ad28fd3e6c4e1f1bef0ea12e854e042c95832ac3ec1,0
495307523bf82215ce21db0da4e6ca854f426e4147026e71c4bd96876946fc52,0
4a34275d692e23d40d053f4eaa5ab705e4c4549c2ddfe6a623c7bc81cda5bc0e,1
4a4277e897c42a290e806671e7116e2580c060e75ec28157846054fe7eeaf095,0
4ae8c0493cec1f5ea7bf0604ffd9abe800aa478d40ca002b735ad08aae372bb4,1
4b08cedccc2eb6457de2cea5243d278bccf0b91576fbedfc7fcf327af8b2e5bb,1
4b11504093b4ce7164b9540f9c122a88612356da02f20dd17545c9656c266d2b,0
4b18d46949a3278f25232dfe04073f48e627436d837d99ca0eac52fea85b0c15,0
4b8157c3cf2f4a505456a666591f4f8dee3aa383c665d6db13bafacd436f6212,1
4ba11e3f81caf105960daee6ba8a139c128afce1d2b4dd96dfc2320e016f4f16,1
4bad5e93a9689c4e66115e4e18a6ef5252907e5f2147e7d7af21ea6a1ea44eda,0
4c0dae1d6b7ef138adc23b61cb4140a31d0908cba48db55f22dc86f294b89130,1
4c1f7f9faeb961841cb888caf35fbfb97366638591d5abf066b6e3908f129c86,1
4c32f5431c5b9db2200cb39ac9cefaabaaf3854ff121cc05365078ed4dd109a2,1
4c3eeb99b092396cbfecc6fdc2d7f12770745b19b465cf9fd9883d8bad11040e,0
4c5e0517b79520137f458c09908b8ba65271fad850ce0217bf8a6aca880375ae,1
4c6747976ed6647b57f9eb0710366a0a15f3780bbad1b995d43d419f64797db6,1
4c9435d3ac31edb830c6a5a64d3810cc6709f805734a3d3bd2f51b4ec50edef7,1
4d55b8d5f4af948910f832b431846925d6bd2a1db9595b6be3aece550eb31a87,1
4d96da3d1e369723e2bd74eb2f4b6dfe940154dd73d640c79122a79d7b61eb9e,0
4df2f1adc9259dfd2c0130eb2d19bc34706fded883aaad2f98782489e69aa353,1
4df5655357d62cc181f413237f98a3b046d1a710e63cab2d19d99cf5a7ae4178,1
4e0e9082babe1c9924f82b38eca55eecfb41ade85b72d396d982d90f017e6a35,0
4e3c52d9ec99ac2765d6aaf3c9475b76e41b5b2e3a1d2dbeac57c4fa201d09de,1
4e3e49bde94acde713e80e1f9b3ba74b8eb01156ac970867ebe362517f61c889,1
4e9b3a8c5307f28829be89dafc3e8fe9a26e27a06197c3d0292b51e4518d2195,0
4edf8e76e37d8e588b3e91174c264753c471a65a183e3fbd0cdf2bb57d4dd077,0
4f0c9a13b4e20d4946f52c65189026e297251e12c35ad200a87f22547b5a4b71,1
4f2a8b2e1e6aa40dfb107822dbef0980246e1c2a82ca14c71340f099e62bed25,0
4f2aeac7a4404bfe4648c1641fe7be9d1dc5b7b05b390716ff87f7b4abbabaf9,0
4fcfd7b372cbc2fd2563190e6ea3a09b9e4e2be0ba85767b118f4c67f50e4bfe,1
4fde51f79ed76de8c595ca2a2e161426542572605f74b981e7b3c2b39d92c4bb,0
5014caa4a2683ec5e0942c14db205bd738c34d9af49b96b4c38d8af32e62bbba,0
5046c611fee07a086a94ab89491744f26525267f3897898b12e08acd59b07080,1
51849064898b93a529d11b5e2d0871b55fd15ad4bcf799cd97a8bb88994c5e2b,1
522ab496b3c86fd8313770c84197c6a81264b30d09cd2d0f46565fff04f4b2a0,1
523663d267a36f7ede72dbd4f6cb473405e9f70bc6f986dd0fee10cba8ddcd92,0
523f63493845ac66d0ba9e5810e799c872741c378eaddb5528313d28a995cde3,0
52c880299d242c1eefa5a19b88ad52f694abcef619ecf3ae051299e801c41fb3,1
52e5b2db2cd178642301a30399c234a9013ca8b09ecebb1e2df7e8adaee3e8af,0
532bf641df760f98c80449e57dfd2572b52692f45e01d158ffad4c38ec0f2028,0
533a904190572be2dd106975b965eff8801c70bb547abf28f61e345b6ee05794,0
534d98286f04a117998f3d90aa1c11c639999925d8f53771a76efd2524992e6f,1
537f8c049066e41911b84c637e5f624f74882ee106185b909908c8ebc07d7d15,0
53ce0b76d33c3db29a69d23b99aaae020db4a101ac4077087887e00305f1bb42,1
53d4da07f2bf31a8dc7ae17b3200b818abfc65e56ebd60750011cf443258b608,1
54480c30f9454e96c59b6940013700bc371994fecc3d06fc4a057aa8fc8b6a99,0
54ab26611438e3bf8ae62dc7d03d5a3125fa8225735e4a5b3eaad9f3c5a4f247,0
54b66ec4d0bc3bac54b86640796033bd6d6a949e80b4ca56f761b5037c5f0735,0
54ff3ba4640d66cd0616f18e550b60d93ca1eba822c631018860b2505b78b3f9,1
5500b47a3a2e2f51fc06c9b709026e5c39a4f964cc9144f3c90041dd95669717,0
55062ca5536e050d1dbe9db6e77e8e2e5073c80f9d4fcf3bdb384bd76639552d,0
551e80362209c5aa9aaa7ff0c0f159aa59dad06078284961fb2c33001d421d5a,0
5535058202be57884968ed9a584c09b66631180187ecaa2dda1b2af228347db3,0
555b870df67709ffc7e4e2da4d191fdf3cc6d97d7f5a9ec619e5addb1a7c240b,1
557d817d273d0ffb874d11b22bfb664f8b7f56acfeabb82e4ed2f163e0a9d35b,1
55b75fd014788927bff544b3dba8e1cee2c0254d2f70e37898952235ee13f0fd,0
55c6a002ceeb0b5e13785719d7aa96a6d2edc0f6d0cae09f66c1d14f50400e38,1
55e6ee0011b6fdd6744216070af8c9170a25db208c818dcd058c1eea08328f95,1
55f8b83165e9bd8177482cef08df797a7efc8afcdd6d4caa30d42fecbf64a7f9,1
56343c4d5bf8ae0d29d5f20fca335bb0437d940b7445383369070a126acb9768,1
56ae4f26a640105b4a77196882b60f0a43308cdc1dc0fcb34b50a166890ea25b,1
56e426673befcbf3bd95b234d92bee444dab994b6c2b2821096fdf082e7b41d4,1
57c2bbdc31a34fa6ded5e04a4802a7a13460ef3e332da33a2375a814f43cf31c,1
587cab8eeca9be0eed33a45d7e183a183141441e5e36ace7923c9929ea23d1d9,1
588c0b92fb7135d04698dc55580760e450e2fe4d50f33439606b347b2c847885,1
5895c6e4193a5a7221e9aefe872b630d115d59471417a307e1d368b70df2071c,0
58b9764a1d9843aa075324472a357097c45bab80f8d815a8bb8b0c15c0f3af57,1
58c1afe871c07f76606e517f5f3545bfb58f501638aa5c9c3e1910f4e93b59a3,0
58d5ccc554307823cc48a52e734c9fc91c88727fb0d34ffbeb1d24b5c9064d5d,1
595173ec504d59f4b13dd13f9b7e71cfdcf5e0a19916d57423a6e583e0e09124,1
59613dc52044769713058fcd7a183628d1a609550a21e913dc0094d2bc4bfe6e,0
5970387e4b86fad060914377e8adbe13d67d511adc553acc3bea50565cb8e0a5,1
5988b17d26c2af135765e62cd928d852b03f11c1e1793404472664ec4975f12b,0
59e0717ae531de327ef3a6a86cfe4e28e372016d47b9301e054e0d6336cac4f4,1
5a8b98fc6c8fc59dc4e6e9200c382c4ecf560c6847c386395ddaac045167be65,0
5a8f19c095211e1fa19ed8420a2b26fdfe44db90eecb9c34030a121dc0b50094,1
5ac07a39b15377765cd02f5fbdbf19c41e2bc1bcd559626165939b92733309f8,0
5ad56b22b409eb69cc456658440da0dcc952b6e80f4f031702e77b3ebe4d37eb,1
5b8ad13a5cee7ebcb90163945c80dc737186bdf3b75e45df6db9525c491b9941,1
5ba3c5dc72cbd11a6385a17e06a2a928b6c21765f17e7d816c164c3c611bdc51,0
5bb237d1c2e3f0f9a5a8457d76bda659384c5c953ec85542228dd283ce22e243,0
5bdc3adcadf896f95de8351a5b26bfd4050dfa4e77545606757946fd8f3c0b9f,1
5c46a9a45c764a315c36290c601fc91d281d4c31ddcfa8cbdc779cddfb0404d8,1
5c51506902dfdf8dccdd3c51ed28321259dad0639ca733e09e18128d2b98f37c,1
5d009d9da1a4850347d1081999c554784c8ee87c9c162c687448ee3b2b164824,1
5d5303318b3a1f8cc5126385e646ee40bb74822a2114b0775d1831a1ce8c0d70,1
5d761f63cfae043c8ab9a9f3e4885570b03e0cf55a5e59da5b2456a057914796,1
5da7c0ce392bae4f63b6db37d7f1451f614734c9b9cc2c5559dd735efa076f93,1
5db6ac1d30940f4bbae357b3027441c7cf5e40b28c324941b9360a07de5209ab,1
5db92d54ba887fc24bcb9b091bc2a3eacad974f0d9f39fc8eaea9e2ec11c28fa,0
5e6e4f1786f6db00d25b6c5847d18837128e2ae2ed3773f1739aea369d28777f,0
5e9d1fd5d1c11676e22f8b44e8f50199b38c0a9cf0b3c6f6bae26099624c015d,1
5ecc7eeaac86a305c9361dd30bd1da15fd560a2416fa745982d81fad5b7fc3a9,1
5f29c419f9c50e89ff2a78225ca79f446d8eabf5932e2f285f4b7339b0b39122,0
5f2d880c28c34d6d401775de8cf7d9b097da6adddf7dab61f0a74e2c1a70df19,1
5f3349f86bc693caa3598bf85cf1e14262e4f168751fa7b0c9f23dca3bf38123,0
5f45ab8c01e4ba681d84d5b30dbcfa4c538bd82efc15052fde8ccc773393e0cb,1
5f49d3301ef2b5da465baec6a871a7a2507a7e0ab6b7d7a3a04d75ff38b27c61,1
5f6db44c19737903f002c738c393c31c5a4c739f75b2bbb9022b1dfe00286979,0
5f91aa7a2c607e84d97a98950d251b55dc2019063fe61130b9dbd6a118f44950,0
5feba07c4e31789a5317338bc8ae753bfb69191b67c4d6e0abe63550717c5ef9,0
5ff368df8ee9e978a469d6ef56b3149d268490be472d220da8ab62e902a4e8f4,0
6084ba7d5edae2d2eb0c6ac982b15ca51598cd1d3d2d777d4d24ae35ac9a4036,1
60d4279f8b81c2b3a80b2113399b09eca6ac652b48f394bd7a5f2bd4adeb35b3,0
60ef7560c08289eefc6dd694c63be99b718b2e44867e001b1e81aa44109d456c,0
610132f48761d5a986a86fc1df07bd33b35bf46b223c97ad842353a0c2727474,0
612eeb82f557cbd8b1844e65de200c81a36f58d8246346c5607c8f27d1d14d29,1
6179317d1a415236a7cf1d7be1860085db8d243dbeb6b1558b053b1fa70dbaa2,1
61a9b226a9ed3cbfc35dbcd895ec10a27b46f264d4db8d1cda351cb8e1a8b421,0
61d6be03affbbe6075c904595496a25366e15e433900cec45b81d6240d913f11,0
61dca3817308baa010b88f82e689318926d8b1e37114b3ea6be4ae9eedfdb466,1
61f0da253f87a8a332be0d26533d3a96e972fe724522c87281a13152b1c89815,0
6204189f7e7d860aff4377942c911ab17c64b623f46022a7c793536ad1a1dcfa,0
621d6c6690509934e7bc947af04967536532f0ca5c79587706810435b6789872,1
621d94c7053da1824c4d13936ea44802469de5bbeb9d48b9016e1452898cf1d1,0
6273c007107acb459753c730ed7ec4e88b6603417da59c7c156f48e9f090c4cc,0
629b415716dbc2aae2c8b138153c05219d687234ec204dbe5605c3c1bd5c60c8,0
62b3ec2c5b11a6c9147024a052d2b20e317e4aabf9bd5aab96ab0a9f69497b8c,1
62ba613c031b36ada4c49d8a7566917646832ceb3d6a502dd778abe011215078,1
62db276b2af29e0006312513f30600bad7003931602e6ace87868546d00181dc,0
62fe91585d2629c8845305eca229bc3b6572f24f2f2ae8c4fca8b48b6f9d083a,0
63305558361cb0bb76f1ba5e8c1913ae09076e70a29f077e72c0fc62e73cc297,0
636cd2f2d178ee9acdb26360dc97202a0303af4ac27736772a18ee6ad7c6b7e2,1
63b35ff2252a87023f19270d12e244b4a631d9e44a1cf88f79122bc81001b504,0
63f0e706c04921e66fc3528cd9ed516aaf66a1c2bee9db72bf6b5537f9ec1b03,0
64161aad6d644811835dea436a64a04a20dcbeffb6dd699ac557dc7441495264,0
648346baa84b676c4bb89c6704a58eabd0afc537239c011bb0eb977ae0fc6f31,0
6500798c356be4c5836e79b6486f8d04825be91dafc01bd3ce431abccd88713c,1
650a0204a9d3033f2bb99a20c63e7a60338cdada160deb9c3159042427b0d469,0
651f367a827e516fdfdf4d240c64d4c2424accfb1c09ff302d45e19af7ab05a2,1
65300f875359e508867d36e2c1b80acc24e3ac0702174e2d7761a066b21e3fb0,0
6546fe498cee517d518b9349fcb0052c49cd76139c95b47fb67d186e8f80ae67,1
656b1d06ff541c10b682bb68d253c265fb0bff485c08626327bf1b5765a4c904,1
6579bca9506f768a2581728c54d800ff1011fde8c0ece620324ee940605f7cb8,0
658199fb145ebc259a877072428755c49673fd7a98693da6979deae8620ca1a7,1
65dca0c4cf96d7a7717a481988f37bfef1845973638589c51418085986f902bf,1
661247fa9e923f15948d2183a1371b32de93ccc600a11fcdb9ac0ed8954f3fc9,0
665298803f5133f0a4cf1fc6507f118fe0bbc5a437becaa6212ea599b776ab0e,0
6656a32fffefee9066c6b15934ff998e8e64367ba86d851f60a0dc6e65f28414,0
6668292f7f95bc41160cf28abe5834a6c94c71d3a214bafb6f3d8ff9c84a8af7,1
670eff358e2a02a8a48577e53cdfad9e39dfbaedb36910fdd223025f100f31c0,0
673f50516c6d98df0664c336b9283fc0ea831a70174cf7ac49a5867172ad7620,0
679577eb908a1c781b6114ca5f431e89d23941883060f5cef1597cfc1e878996,1
67cf4aa87eec9dbb43db89876de79adf6ae48496e1167e04d25c91ad1aff34e4,0
68349cbf559b9a1efff356c785a2206bba098e2b757718c99d324288736eb40a,1
684bf2d50b515eb46790f30c2a810358d28e630c6220e9c61fdd5cbe471fd65b,1
68a8762bd5a2dd815fc7d91576ec9525ea88153c6c924f95554d8073dae9b7b7,0
68f351c127b804f6ac8bc5ed81d44444e9b2739d15b590d0be086412715b7f37,0
68fbf8be05ea928e121b9e76890bc5780cad1a97340452029fe3c0a94b0055db,0
692def15158fd86a9b452feb1be95a398e81de37e9874dfddeef9a3c0f1d92b6,0
6941faf1f0e45510e977dce73412a5ae0f444e5abc7433e16c3b18afccb6d651,1
69534cd8683f589961121f6d6d0b0e2ad4ffc99d0cdc54e63d2376521f8a75a4,1
6980dfcc82d71abc80d136d411f09eff297874b8cb3f7735c7370983e856db64,1
69845976dbbf1aa00182a8345c56bef6366a15dfeafd9d04dc33b325d19b4a1e,1
69a7baedb0b59b43529f0d7cd52313b997cfef4f9c57c155ed445f3469979f98,0
69cbbb6490ea5e0774c7b4323126d2b5972632e2d8371287b6ae5e6e1b47d342,0
69d91759bc66c8d73faedc1554bb4b5a3542054b9b29c7b3309fe63595fad74a,0
69e7ca304199a5933cc89e7d2dbf1126d76f011c18392133426d5152ad6a253e,0
69ecc0c799245031b3fb1e82330fe6259faf32cdc31615caa09e30b350b3a1fe,0
6a3eedb128b3f93fd44b9fc3ee2d9d41077a84b218a91bc954a5238663591ae9,0
6a6132abd69e3065727c7b90e9cd42b3cdc3141296089461d1648f67cec2c9c9,1
6aa36da3a8cbf33d011ea59907dc12f6e2a3782e0978b6a0f03225f788b85510,1
6b0fe2c6bb048b377b00339f52572efd5c9fc467430a5f97fcc978df87156925,1
6b9e66f34911fc915572961c1d21f9a67b15b069c0c0091fb45c22cf4f4d92f0,0
6ba8841e0dba4899ba41946fb66a2dcca9afd87f358d590b1701efdb24a04777,0
6bc275c9d9c6b47890da3e580e55c8833e023c48cd2667c37e7d8b8a1157fe00,1
6bec8272364919c078397bfd451d20da90dbbac8467f9003dfcb9726a8f78108,1
6bf7807fd062c11bd4460ac7f2cbf36954217afc2fb6472f910b86a6f13f0a09,0
6c2c5ffb7dd1466cdc3d99e921cc8867c78a9d2632e29e47e274cd457c25da09,1
6c338c6189c3fa0799123132932625ad467c855ec3827570f93792e7c62c6801,1
6c580289e7dcf1223012e28e483febab8fc14f60681358289d3ebe6e2bff7e08,1
6c649d6bf8c07da85594db9f8dce7ec041f569649a835463f6670fcf8398cc5e,0
6c6cedc7aaa98da4d423a87dda863f437624b77444b8e9cbf4aff54e756e1ae8,0
6c85d0906bebef85b6c00a6f9997a398f18b4679bacfc87977171d46d640cd6a,1
6c9ff4f6f2ad54174f46c3df30f6d96b6c0b7ece5e10234b0edae890df15bc70,0
6cb045fc994b88715e99775f6b88d039681a00d2bad5268d0935ec65416efe4c,1
6cc6781b2bb7e41ac15480c74d45a92b856d4e32ef0063f4a27bb74d54372384,0
6d3f19a486825b21f7e514ba027de858dafe7a49601ba4def97bd95045e9b94f,1
6d830dd1394447e959f1a26e56e1197f8c1c29bee19dd8529d6c437d1f66e03c,0
6dbaac2c52c0aa707b17a0b2d67ef79e96cc658f945b905b9590db130741c0d5,0
6dd90a9ec6e5e574636cfc101bc8b39c98a91bcb8318b589b1af43be85e5913d,1
6de110cc25031375dc0967317be40f4881d965672c4184561cc1f6e65de6b822,1
6e0edee6422a3c1c2f11371962df0c30388d10dea0ed719b23c2163ccc3da7be,0
6e6d48ba8a687f6c7a1ed570a6f411e3dccc0bf28bfe959421c575e376f745d9,1
6e84f6f55bf26c190f9febf3a9cb3d24d627f8658d70f4b514ae17c078677e78,1
6eb91e6f28572a69eddf4d60254d95676c14528e2213d60c68021dfac6f0f5c6,0
6efe76e61fc9767cb019cd6c945c2b32fa66ef909bb8cfb626b5305c3c4eb0df,1
6f45651557383ece84c3fc1a9cbcf185987d0526f225f26804e42815f03a91db,0
6fdc244e1728c5d700ddf6c1f62e2b00ce8a0c317f8d1471fb76674158d4995a,1
7063f888ce62da525fced301c3c01119d4b35becdae5c6bae1caeb3a454af341,0
70c0d20af0548cf9c8c94cc43008e67aa71d69e6acdf3285958f5e43094a24a6,1
71095a6e59a29719e00c9fa3766b0b66278bb6208e0726cfd6cae065d74185fa,0
710c1cda0a5b34469f344018ea92e93e88c66506f2cfeeafa0b44d9cbdd47683,0
712c19e96f35cdd5b955cb75e9ce45dbed767d501bb694d549e1037055ae530c,0
7170f50cbfa210885e725958908a482a331a3c638801fd32d42a582704faca6c,1
71d93ba8a391c3fc7551074c5b33ff3159a97a89bcbd103fce70715fd7aa2281,0
71ddb0ebd80608f3ec4b3e6999376e1a159a5e47317438e6daaada9f8b639a97,1
721a8de8f6a07da444db0bc87e40ad12373bce76ddb582408dbb7be3ed007970,1
72ca6e110494676aa5d7b92b02191ee927ce0a058cb9ad41819c604d58837c32,1
72e87fb6891ccc90f46e5943230c463db5fc13989731eb5640f3e2986aea1047,0
7326b6232ba2f8dbd258b895208c4ee88fc45c74cd7643dad31e7096e8c505c3,1
733741d20aa48874effec33d18c7dafa2c17dfe99a0e8efe67be2f052a8dfcad,1
733fe95b5c7b4c8c8c1ac469aa091788de9b9e410e8d77b49adaaa0c61a7e3ee,1
7340d28371fd8dd7bec7d1e4fe82427e6bdbe13822ae5d18647384c3f72bc1c8,0
735df5a89dd2faae787d1bae641f4169e53268c86ba41535d2db9ec33704651d,0
73a26625cdaf6d12751d396d3a8a5b023e3ca8745b357544ae133726df453cdf,0
73ae28e811076f57b5dd9d922fa57835eb278eafb5adec8c77d446e9bc05cea5,1
73c3ae0f6b7b264d6f22aa94a34d1a6baea1fafd0d4efeebb1e6fa6e8b83526d,0
73ecee2c92f91fe7d28bb58e2334e5d3062f096c87b1f1ea68c15ca286dbb0ae,1
73fb0d3b7c7d09ac4d06dcc6ea383a77bf9d78a1347d4c37a5cd298e24009bf5,0
74f57cb6d524e0c600530eeda335f6b10c83dd533a35feeb48a8b20c03b56997,0
752c6e87b62432ecc31d40f2d7f409f779232fac327f3b18ecb4a69f20428c88,1
7545203b5e8cbd397802ae7759b8f18bc13769fe89ea8522c69c3ac361337151,1
75584b601e02281199befc42e0d571b26b0da858eb53db2d927d238b494a2c2d,0
755f882c102ee00a722087da19bbee03745b18403edf132435a4cf56e1135f93,1
75ba0dad024b2fa13215fe53308c36fa649e70bf668a58bfb5d1acbfdc09fbaf,1
76191378de1813099594c6924129040dba2f2a4319641911a230f97edc0d9686,1
7623b808a7075af81ebf306541881382628b551707809a53897a52fd42440d32,0
762af05cfe01fb1ef053c9de3ffd0aa088a52ef320c194470feb28d57d739e7d,1
762ba513ceb443050acc8d19d3b3e9ae39d8a8c0e01b8a0dc7eb4f2e90f4a5c7,1
7685b49da7f58de678fab21abc694df30c4fcb3e85255aeb1d3bf08d7c524573,0
768be7c7fd820dedbc1e9b6ea5a752f1c202392b69d556f31d6788647887fbc2,1
76bb5c94a4258161580cd4f169287e642677fb5e729bc6767469f3102b272b08,0
76c2ef31d5d47e9b4542b11aef5f7c577e54d58f238388c60359d4e75b015467,0
76cc4fd417a97ec5b7f1bc42f5a2d141a053d7eb786a6558265504edceedbb59,0
771f745e249f594a7439903310d80cc1003d6cee89f11c2a0815b4c4217fab42,1
7724b959fe237c9305c67389f25e956055ae26f1889b1a142177ca06332bf159,0
773145c845e0183a5c0c9a25b07cf410a4c8615962d3662b824a77e27f54f76e,1
77580c82d3606342349ec4d7a7a97351a4cdaf803ac7deebc28bd7e4a0559022,0
77acdf33594ba902187fbe3435fb25f1a3822dcac731e634b4262d8245e4dbbb,1
77ba10bbe709d0c240b8871b7e533d63ccec2b8d3f08af657afaded0079153bd,0
7800bfc79686985be7434991802a28bc5ca6d46d5b1a267a9896dd47d3bbce0e,0
78ccb48d062494b768d2c0ac9614062a25ab1a18d4207a760eeb66eda8059f8f,1
79113beac01198f9c0afbf3e6455374d46bdc4b2bb448240c328c25521f1f7f0,1
794f2f68a7ba0135dc978219fe973987bbd90ae846cd70ddab726cef10681a70,1
79c594831ee123213c0d6ed3b720d13e51642f6e987f4316237fee7e09963077,1
79cbf5f237f780bef8c00c8802ace7f6e00e00a27b9ace0a8b33c11d690cabde,1
7a1321f6d69b61b67f1a50ebb875a2b6ebd2c70ae68e43258ef2918c7e366dd2,0
7a1aaa3bb47d105d8c8a770e00c8008ec3388ff17be276f6dd3a7298661801f9,1
7ab3a5841ad7c81069791943df571ea025e40e2d4064ce2277fcabb14bfe194a,0
7adbdf4db2e4cbb6536278bfac139170342158832ab7e411be33940a73993c27,1
7af369df50985bce7a006ee5bf818c124370a20a38c1cae22f034a79f2bc8b10,1
7afa0715c604b5714b3fb28318ce1d4fb261125f098e07f8761aa5409ab492aa,1
7bc2b1a7a7b41658256b431462d8ade0357fa8bafcae7e2ad5fa5f4c8be9ee49,1
7bf80f0c22f5e0ffd58577e8c12fa5f311bdbd744e12cccd9aa22189f7258c1a,0
7c073ed8f654ff7a215d1975d474b52955f5e828fb6370b5e28fa2fd99b37347,0
7c308f7ec2b312d682e40f4b6048899544e1f936fdbcca45ded20f71e13e61e3,0
7c3edefe6dfc7428ed08e76a17b9225d8ab544c1c2c148fa1fabde527f071156,0
7c504aa6db1b337f90c6145cb90ef795fd46c03301bd1089a3a8b3e4130392a1,1
7c63a7519b4221ef8648e633d53ca883b6de128a0547f6627d11f08a89f4277a,1
7c98559689ba9c7226334a9bde108038725403cf60887505a475815a56d6f0f5,0
7cd819240dce29252c577435849eaeafe5952ec07b8c138ccdf3b0586a9bb2d7,0
7ce1eb4eb62a939c134dbc7601466cf3bd11aadd6ab4c15fdb6d3db945bdf8df,1
7d06ca1f7448f7ede5ead02fa7df34c2c5068849e51dc3e2a3665cc557e20bd1,1
7d65b44085e29963e4b62fb0e343deb08a561edf3a2775dbdf61d0ed0c0fca11,1
7d6caf6e0f4aa48393e740dbdb00048ea0d36abd6b907ba590e793a1956b7d0b,1
7d80d1c21863174a83d402f1fb5af716cfadcceba1bd1bbce92ff982f3bbc986,1
7d982a8f8a095e18298a8c738f7d27513a9799707659da3db93e3140faf32517,0
7dcaefed6e0fa2c078085bab6ad27303b418fbc5a3b113779a3a112306f4da0c,0
7dcaf8152badf94a45eb7c61942589c77839782dc0b6e63bdba77c7b5949e4dc,0
7e343d4492512fa20edc4964bfe2e6bc209affd63c607d3bd85243fb15c5bf15,0
7e355a37913989d9c1ecd5cff5322e70afcdb5742b56dfc0518dcd8fd3bbec87,1
7e5d06bde194bc47eb3b6718e5e42d57c613933665bd95413338bccf6bf4286f,1
7e67aec4981c84d397221400fa7c55445ade1ee9212985f57a1119aa93a383be,1
7e95affde6c0503f80f936d2b43fd2f3dd66ee8ac0925f9d30e2386f0d1c60bb,0
7eafa11dd3aa6ad883f830754e1b479670e3ebf274f9d80f8be4ca0f7604168d,0
7eb70445b397577c9881869ae474721670ef20f36e3ff44ee375e1e717e0df12,1
7ee28b2b815abd0de1c4704726190a4d0e0f2bbff2240103989567cbe1b33ae5,1
7f0663d789de39bc2b3ef750f2c8c347219f12eb129437595896e785b1ba7cf0,0
7f0692cb634e56177db463911fce175189af315b1a769961ebd7f98a42715945,0
7f0c4ba307c17da68d09cec0b45f4c624efae451045600f04014ed26f2e720bf,1
7f21e58b97e19846e20c5a5aac2334e5642169452a4a2a5836d51c11d206a660,1
7f27b376f41a1a103828f736e12918fd4fffddf2218021fe430883d71b680a02,1
7f2d4c6c4767353cb90a34bab468dd7b336bad6d0421096b9e06a66dbe39f1d4,1
7f34963238a2b04819e3720bc0eb5af931328bb0e2eaed8b24984c813c22a778,1
7f3830e0e3f9056f3f4e9fc9111412cd96700cff6c66b45c75548885a791d976,0
7f78b8fed16508aa06b51721a2cd63c88fb74735d883017fd2b15635244794ed,1
7fae376af525516aba2032d7bb44e8989e083d89dd81b3eea2f9e60dda11c8d0,0
7fbcde9d9d2e5ded1cb2275508f1bb5d4db12e64c77f2f2b96185f8c4257ae27,1
7fbd1d247649d0fdca6fce3b21cc59ef5640285eb2953e3a5789ca872201345e,0
7feedec246fa48ed842af1646fe62fe5479bbc9b1a69b29ac727129c2b651a37,1
8073cbc197aef8072b799ab2f3bd7f5e5def77128d1f032c3838bcb51140b1d1,1
80ba0ada4c57b43c350510a530ad50a904218bb14237ade3596e0c7da9a079c6,1
812df174026a32905f06e6bdc4e4ce908c0827e288b1532b733a1cbede6008e8,0
820d6fa84c6b4743055c4b2c16bbcc8771610be275e696f42c5ca308fb8d4361,0
8211edd633ff9c9970ff0191df7c8d04934e4a9ad5fa2af39a12a697c602bc06,1
8216a17aee07a5f72b96deece8776891109a03bfad6201c077c457f53c6dedd6,1
8231297e1ec3e9d5c5af939e1f3a0871e39982216d460ac227666ba51c2fe23d,1
82507738e7bce93a704d6df838c002331f9393dab880cbaf10a0c012a8a40c1b,0
825e7bdc9222b27c4db13c23b206c2e31a597847497d23b6e2cac0783260fdf1,0
828c6f58e0cac541c5f58ee495ae7e75075258f4f2b89db3b904fdfccbd8e97b,1
82a597f27e926a508147aa37737050becf414b031a2fdeff2508fec9a162cf2b,0
82aba430b63b51605a8e15bdc6128a683d224d3438ced2d2d1c471a1b716b975,0
82ba6633913b984d74e10963cbe18426294bbd10c6019b74e163a405df6704c3,1
82fd08a5e34590c77fdc1f135be58ccfaec8494e641d7d07a29cf77ee5fb6274,1
832c76496148408f3372addc23ae599ea983d3da6194649216730fe009c0a356,0
832fdf79307b6181fa3b023ddcc65f2561ab3a661187a2e53577ae3b0ed0ea2c,0
833013ac91a259e423d922ce50814b8df892f95e6f06049363938ee69d40f8b8,1
8377db1a644cd1cbcb520f874f5cd3eab6ceb019fc15f895992faac0aa576423,1
83a6103558e1f02b3d61aacb562f66fbfa5c8a5f4d8fb1568492ddcecc04f0e5,1
83be001b64c22f2c683919c7f0642ddb288f5bd0699c1193a25e3519ffef5a4f,0
83ee14737e7b321f6a5154a1f0ac5cef26f2cbfbd9ec65e9988459e9978e128e,1
83f4d873d6de3988575ed9226f14d1805fd7a4743c63e7a7ac41045d3cbbdb32,1
840d027304f270fe3940020e9057927598a12d81e20d867aafaf69b0a1737536,1
843349a2926ebaeb8d5909afaac639245c2b49d2c0ed16da878fa329fc89344d,0
8451c8d182a0db1023d4edb1b5544eb154ecaa0f3a4cf1d7b1a5b2e0feed3020,0
84dde38d30826c9254b8e20a24d6a5c3e9471df1e2ef12c65092374323151513,0
85483066b0e219e437b8cad9e4730fde248df803236bbcf5d5d5c18307e4980b,1
854e35b3765948abcb9a41438629e287d74b409157890135416a0cc22e4e517d,0
85ab9212d6b65322d98e279d4088039953e665f2fe2b6c62aa88f3ece12846a9,1
85accc784804b1a24b64a1a8262ca2888f38336718ffa08dc542358b7233b681,0
85b4b8aa0661b80ab051a533921507daec24888e36c36a7913860b5f47d40127,0
85b548d9ccdccb844af5eaeee0c69e69c728979fd38481a8db001a66a8a0ed8e,1
85cb00fd98d73f8717624a52e577c3cafa67d630c4286e7f2c8282b8ba7482d8,1
865edd3a52881c613a8d5773d824bfd81ca71dcef34fe842e2f461f060f0cca3,0
8667e16a9492ef37d7d206d6c1c156cba4d4aa00e45e1abec9c37faf72655401,1
87379d8fc4326bcefd29d9ff956bd95ba752886bbab53447279985acde8c9199,0
873eee97551d2977385e0c9319add0a05ca52664cd5ebaf23698f98c68c9dc36,0
8758e40fc1bbe0bafe72116f511af5f2e5f478ca74ff5da8bfeca86a37e45908,0
8798e2f088a25203d4210d0cdf3f25bc0e890d76e358d20f6549f8341398b66d,1
87b752bb804a099c6ef636cfd9943b7e23a692ac0366e897ca77e6b455c1dbef,1
87e25e3061cab75fbeabd97d4addfc2413f7c7944ee65440e5af04008adf93ac,0
87fa07c1fd82b807c55824cfe769f1b9279996707583b4a2c09c89a8acf501d1,1
8824fc2869033c33bf8322fe076ee2c3637c400b673991e93250c2447609ebdb,1
8885c6bf9f5633008b0541174447bf858fa927c5306618622ffd1a7beac40010,0
88a8e0c8a4acfe18d9f20ef818e1b0af36f514dfe218babd8c108e417d7ad955,0
88bff0d92eed13460325c44ac50aef5049315d329ef074f8c0e78b12d0edb58c,0
88c8c99667f6ed3d92beca582565e6563a6f9a9b31c00d06ed21888dae2078d9,1
88f041a73fda9defb015532178150284b8f46a41f3e2586c2b5b9f6459b076ef,1
89074695fdfdb11d667ac4502099de71fbae53067b1314d1e1cda1cf5f39becf,0
893169367d3304ef6b13cd5cbbf8d59efdd19bacdc6db264776aca64cef86df7,0
8973f939d3e928d3ef158e121aab567f9ab9ab1cc56e233fafc588888fbf68fc,0
89c471f9afd1fb82aeaecd6743d78544102bd8cf1b27875647be0491a5f464b0,0
89e0bab4e054099df218ec67120186c693702cdda731f5516990e28a3f98a483,1
8a34452d9725d4286a89964d2fc48b14f5cfd1e0606da46e8a2edbea2899536d,1
8a5bca87a95d734fb7984a19dc6998fcecf6915bc5036de787f45cf1d88b390e,0
8a666a2e34ee093f0fcf1047cee126bdfe5fe9a36392483f2e3908ff2ed83231,1
8a823612e63abcb32b86c7304444c146219d6a8df54d68c048782374460de476,1
8a922b6ba060aa9f4d76bdfd364202b7b311cfc7ebaa6346e27163fce33f6039,0
8aea67a62ced1a170f62624f9006c9c78155a2aa5ad4a634f715bff94b1e9f97,0
8b0d217ac2912f43b44aade4dfb17574784c02a5540382833b1218a513f60003,0
8b6b865e2373d2b4503eed83123e20d4ddab9880cb064d07a7a1812ea45cb6f7,0
8be74b35e2feee742de9e4fa6a4f17f7bbc6989870db09f15ce6ed427d49d8c2,1
8c0876513e7d7d76e1c2a48c5e494197715c661d1d43145df60d3de8ed168958,0
8c23ef62cfb95f70d4a06b9ccfa7d46dbbf45f158c47646a07664322535d3154,0
8c54303e337b9b6ada19b0c510915733a73761811a900481c683be33672101c9,0
8ca9aba8ea19f22d1cc83a8313e967e137c6d2f6a0b899942481b9c4b4cad4b1,1
8cb98d94e59966fe9c74d400e703748169fc10514750658610ecf5bb43e432d0,0
8cd8c4b9effe32a0fe3375d0af6f87d130d57c6c176f9cb26b3e1e0f311d5650,0
8d10fd869b8610c043ac3987d2b1221a9043315fee8e566fb3c162fe08148bac,1
8d415cfeb4eb1840127eb85cd5c758393c6a129ca8bfca0062c91fec9e41ca2d,0
8d7601a78a3db8ffde8a11c11ef0920694cd41a8fe1f223982dd0122740542d6,0
8d7b0448302cdf7be817245b6cdaccf9502688aabd44027b1a108a88a7cddee4,0
8d9df665301e0537f4818e1f53e62c7854eab5da00508d4066a4a05b0c42c98a,0
8da1b0b554e069d1d49cbc8b9eb437681c094ee16cdadcc5462313ade0a3ab1b,1
8db2c705d8a21c00212b49b4c7d61a142fcadffa35316db463af2e371d65a9f1,1
8db94778f6fd2f3e4f2dd13aa3f8f16e1705fb0072ca62458a8e1be1a674babf,1
8e581230b727ed3731777c44f348917668801c288759b6107c8234a880750db0,0
8eafbbf00b69ded29a2299bca1d2ecfed57a7b9f8b74e6b9927ec8fcd000bd12,1
8edd39dce01dab61c5ae9c5fa8c1249e0db5932a5ec56ba695cffe98d006dfe0,0
8f0bdb0f0e3c07fb51a173c5159d5f16400c569344597e94af968baa924c040b,0
8f20d24907ced5555b4d6bca1258d6a9b75bc49f077fa520fc46065d5f7e47b7,1
8f2d680c97a83559a21587e1a2c76a0eb59b9cf8fac8118ee1a5ff8fd5ec9aaa,1
8f8211888c7f32205f7d7a9ff272b2e62e7623ce2fccefbc88e3e568ced55ad3,1
8f93230525fb6c7981ee5bd138fc7c7356fd9cd12ba97fb70b88f7af3e01ffe5,1
8fc89c89f38690138059c3486bf13c703aa1518a80cef26367d8195fbc40c329,1
8fcd790f2e18b9fbb92bab62d2de1b1becce24936f91371f487b76d7930976ec,0
9041d081f3353e13d951c2567d1cd22fb2fb105950d161720915284123d7f57e,1
9088bf573971aa765a579f4ceb7c1f082d154467dc132bc42b5e101216942fb9,1
90aafcdf36ed62592af3b62e16171d01aad9169a35745eae83963987d364ad77,0
90b012dd18ebf32feaae958421bcd099c87de855090281e25b09ffb7c92dec88,0
90cdc7f33b2daaf18fbf0f92af0c496262d1efaeb421f0445dc55c5ab25e3ae3,1
90cfe118ee058028f0a023dd547e921dbe7bc032f15161c2c3eaaad329577e0b,0
910e06a812699dc9156fb376333a46e1010796ac52d8d45171ee69b677175936,0
91375d9f614e405f82fbc5ce006973bdb1d062b0f72f2da080f329f8daab2ad0,0
917b1f57cee5355efa054a01f80f49700aa975d8d7b4d649d053ebca1d14fa6c,1
91834991bdf5abe4c6ffd40c2383e7fdc81cf8fc0c462a0c22e073285dcb7924,1
9229ff73442eec6609cc3abffb5f806c7e53bec2068261b6efa840d4ffc36082,1
92592ab1c54052a693daa3db913754a91565ab8cb9ac3dd66de5c01655ff8de5,0
927dcd7e1958f945f0edbf642dd535b0df7ca44c5476d9988cc658581b872461,0
92877051e1ddd30debba6105664be1849d147b136e2cd2bd2fa28f61595b81a2,1
92c71d9c677c2c34eb25f8056347ae92d6e8b24b1152fde7e0ddd8fc98d0da8f,1
92db04ecfce244a1488b493982f4656a92c317367f720d08228de5dff5952bc2,0
932c2e56429f45e642e05077176c8cf5860cf5cc3b143f765e5e9a4deb38758c,0
932eb01766aa40d2324f0fed18400889c9754c6dc8b8cc0cd476523b987ba426,0
9368d357a7257fae3c042e058424234f7fbe278c09eb21f0128851c0ccfb5d7e,1
937b9ae1bc98101ed6afe846e7ab233decc76723f5df225c547c17d1863a7abf,0
9392f1073ff5f89e5395d0e92b657cc0d6f20a21838a526e363cc19cbf6963e7,1
93adc8b665a51b1733d48840f52724a00b8ad719f6a0cd557d06b25d99c52bf0,0
940bb277cd8998664a2e4f4d9e83fcf8ff91e0d6a821198cd5f1f3ee530c02a8,1
942bd002222818a6b7bad2a8451f08bdf3badaa6a3c36b8b0fa400bc37aaf4a0,1
948455e13cf57209497d9aa6dfef13801d89d312833eff3d09fc8618d71ee269,1
948a70236bd6e3fc82eb2d6a93d3b8e5c202fe74cb5415edf78157ff93d687ff,1
949b2417753953cea868e21fe6831336e19753f7c51e7f3cd23657765bd3a90c,1
94aed299f51d7439e6fa47213393e3d5131c52eb522e3f218ee1c3b54828162f,1
9509bc95564b83e11e0fd8bb801eae9bf4486397012dfc9eca1eb9caa1f246e1,0
9514bd2f0be98a6fa031a5aa57f11e5bad9771609acaa5ba61f1553928b17422,0
9534587ed2e7859ab7abe1e2b72e66450c04753a9f1a91ad05af1b7074eddbd7,1
966af2bd793dd0b0eb6cd125a0aaec8fddbd051f1c3f1e5a2f42a8048c932c51,1
9699f782127edc7d681be3a0007b6751e99785eb9882b3432daaff400c223473,0
970fd6eabc4a25f2a869b7844cc87f6a377b249cca72a938936dd1944b6f82eb,1
97357574ea03afc7afaa3795a1d826d64e04196d200b8cca0903c472df6fb757,0
975f6fddebe451b087fb5349c8df395788cfcb825c37a33054f8ef4015545da4,1
97ac8caf8b564f7bd753e151715cf622e50909e73cc48258f3e284e3844fbd20,0
97b031b366542d33e864ec2a09a85330b02eee28b1e5579e317fb9f1de449341,1
97f910971b13f7e46937d2b09cfc077e4c9200b911eb203b1f8932dc90a9f227,1
989b881754628361db27c5f70628af0e51158dec0ab0f4c905f67a0534cec060,0
989e165fd23f471e5bdda1fc16c0d5bdcc42853fbc1ae27b17ad135384f0341a,1
98cfd9c47d4465f0e18041879dba3f1feb0c1755a26887479b6709eb45c3b8b6,1
995e74246e55ede44186cd133ed221f6548797b199fa8f0c7e7eb08228c5e3c4,0
996456ee290715d8587a9b5e0989fb0d3efce1511a722eb09d26cf72164344cc,0
9993c5a40cf98f74a45e2ac3828076ba1e3b50334c7477540c937810647b086d,1
99bd03b07672b10a07861343d82c0ce7b9a005c2fceed9f765995ace3e20eac1,0
99d4bead961e4deb7ff7482f7fe84971749d2913d0575d8cb355d92c84f3e631,1
99e55e9cde26d02f2893b8dc34433d9bec858929fb26b5c47ae5a6b229d817ea,1
9a3df75b5e8106715d92277d8148f2f10a24a627d8b202e052097fdaae055452,0
9a8ba65c7188aa58f892d53137f5f0b355fb0bb09b844c3b98c5c65dc0a47bb2,1
9a9fab90cb6169a0af9431746e086ddc7c35e2d39bf3ae3d959ebf0412f6cc77,0
9ad3547bad133780e3046b98f548cf8264fbf0676c36618b8ae39e751a648e92,1
9b4feac6d033da33b4ed4c94e1928921cef0bfa9ff523a1776552565e4a3ca8d,1
9ba6e4ba799178b73c41ff9b62c9580721e381ed0c3f421d37e0d890c5c26d8d,0
9bd72022357f329af3a70533ce89d0e12a0d63ae73c3aa566db4bee7f3dcffd9,1
9c1e24f3de02a6ffc43ddb087b4880ed8f5be6bafa22aa1eb5707f1cdf526fd5,0
9c31ef533a8038013fba02509022aec73b54fa4313143c015bb844e63fc3395e,1
9c398ac192e4d7c447064164b433a05cafac99e17eb7b066fc50018d60f166cb,0
9c85f39b96b1f7d045c4455ccb2a4809f679e8fea42f9e04c3806b1c397a2352,0
9cc014c33bb9d51ea8cdf2a83f1debc4326c8b752b7ad4412ff05de01b1807d7,0
9cc04d3ab755176f9383b1caee61459c279c2ddd0bca6a85e2df38f0876d5153,0
9cd276dd4935a6d1c57fcde3c21002df36a3194ca5b2ab8e8a39afb1ffdcaa9d,1
9d07ba642f613b55dc57d1180d5ccc78ec9466f8fc7a6398ae5806572b82de1d,1
9d240a454cf0e6666fa6fe3471cb70c9107357b6105bb818a78679cdea0a9d1f,0
9da19cc4d20fdac3111563d15126f52c42d42edfcd438d4eec5bcab487cafafe,1
9dd1702edaa85745e0df6e09e785766991782bc4953811cb902e383e7bfb5c9d,1
9df209213ff87dbdc6f37daa42d2e918101a4e7b678fbde9e02107cacd7db2dd,1
9e5efab60e3e3adf2e882420fd70c930f19ed248a83cc0919ef98cad21cca900,1
9e654969f3e7d3217514d1ab64f0c94212d4b6d2cdd1627c09ef64982f432419,1
9e8187fb40b3a28f3d8b41399e5c537c1cab0dbb7377984dc8a6323c2a9fb889,1
9e9c0dc9ba91aaf5896e2b32cc59dc202996f614e7ab877db3f7c70f2bed0aa4,0
9ea5b65e08c77a8d1d11ea67f16c81dbd1a470581f9267513125f413ccc5931e,0
9f188a9da98103b24066ae54fc06aeea3e0fb39282ef1634776e58c5b1d75381,0
9f2a06022e2b4b6e6b6e810bf1a1a048145064f0f35f98207e959b4fd83d37a2,0
9f2e9668b0fca13b2b817d7b0d669161cbb1bfd754ec503e392cd341e603c95f,1
9f411ff1efaff56ebeb07752b4fcf6f927a4856c8cd517997706fb6b2448b7a8,0
9f60f8bb3e7b2b09840bc4db61e62ef48f73a9d903caab1b18a795c2e31d3106,0
9fc5a69f38a22ebe9db6eee5062fc2bbfccb8190615e7b29254bcddb216eba79,1
9fe3010c685acb87f882e34bb7c88deff0b503dc8becd80ef220dfe4b466b67d,1
9fe30c915a7bedb79870dbfb05b153d5f292d5754ce6d600c724bc0c77c01061,0
9fe601e5e8052d5c48756a61bb6153798bfea44a3552933d4b4c50c6bf0faaff,1
9ff17662d2252a8bdca057b90188fbbd10c60acfd01368f29f369e5f0e429598,1
a02e62ed007ff69b6878511b39e3b366afbbca1f78337fdfc708611da0a32884,0
a02ec4ec7ac1831fb9a35c57638c455ec5a651c49c09e50c280b8260575ca996,0
a04f3015df121354069eebd2d60ebf535b39e0a120443668a7afd2a7b6486697,1
a083d1e287ce3b2b4f1246a626cab575ed1835eb1d80f67b6460f8ebf43b99dd,0
a08b7add1c8010f6805575757e33c5091da90ccd5f51100a9f20cbd0f05e40c4,1
a0ee8d5c0e352fcd324d538938e966254e1621f3080a2ea2f0df618864a31f0f,1
a121468de73cfb3e53b355792ab475dac4d4358c2384d9f5c660830fe8aee4f2,1
a1459fbf468e7607188cbe6c34258bad72d0079a446ea931185b3d3436966828,0
a17b9107d377dcc9b5942611b91eb2c59036096cb484ae44ab32dba779630d38,0
a1918c4d93fb7c35e52e300152987df68b09da649245ce53190d679244b9181f,0
a1fef05c200c3bf31c8686a0b179a6e4c37eb859a2b2d0d156420eaa6a408808,0
a2240afe3f81cfeb21871cc9e6a8fc1c8512912ef69018d7eb865db6181fcefb,1
a24f270e34e211ff5c585b9ff1390d135719bb4a84245c977db68ecc6042bc18,0
a25de9f4a8d59155c0f50cd589a99b034a4dec7b6daf78d9b3eaa6d484c73958,1
a29989a64c33c6a004093cc33d181412802897bcfb037935df73aa97c6f125d4,1
a2b174594091ce4b5fe146dad3eb61ffbb1db5b05e80b1fc767afc3dc1a725c5,1
a2b4c71835d5b741a60cce951b7b27a6bc18a3f555c19ffea10139f7f078cc51,1
a347cffcf74203973d598ec1e5aefa7071f4857f4fab19d468f7fc4e8cfcce14,0
a34ad74f78b7802585fad2c0088b754489338dcec72fae78be88610d8f37cb43,0
a3b0706ca69976bdc9967997fdc0cf6ed8fd08bf9f758df47de57735c1ea365c,0
a3d5629bd686af1242e42d0d1e1a617cfb17a2d67207a41a50b59d3c076c12ed,0
a40735f7be1a17092cb771c6d092881e714f4fe6794c8c5637fe7941f00f9830,0
a40f44383a24ffd56059f2e512d5e655afef6224c2cc4755788f61913abea5f9,1
a42705d54989bc393a2f0fe7b4640958b3ce10a911c9b426c926fcfed6a584f7,0
a458de39a368d783fa777f0e9ed1bb3d43b9f1102648d68d02bc1df06734de02,0
a459638ad1bed3c63399d825c679d562e9a332512468954c6147d614a9bca534,0
a46d436fdff68bb92ed4d2722024235ad40ddee21b674b8a42abd792a47c8403,1
a487d18afcacc3c8f3800e45c12d2c7f2454cc0154bed5f4e0c2a6250aceb2ba,1
a4cc1acf0907786c4c15cd2c27590039d4347e6c1438970768a2efe905bb391d,1
a4f6753e32474a2bbe956550694fc35c39081b30233e533ea7257acb8d467f26,1
a537032aa02d04a9cb8854873f7ef3e120fb4e495efbd93596a8a6f6291d0d19,0
a53a381d9593d99d482bc20a4923bbb9754335cb7fe7d6f3f046f25e88c30de6,1
a53fc8b67b9be2bdd2b14831bb593ac678b82c3b7e35a1a3d436571c77db2072,1
a5d7e179eb3d5ed16e096728c783478a7ec420dafcbcb5df3395c9093cd4fa28,0
a5e2679673176cd52e19ccf54f07b40e040b0c1b0d4551f07005a49c1e2af2e4,1
a6474df693802c066ed2109cb7e2871b3bf8e3378dd17f74614b0bfecd943556,0
a65aef6a6b5974c436c5fe8dab48393516d3f488568b810f4113dbbf67624c43,0
a69fe3757a902f5df0ed1cd8e9f647e6078d9cc2853cd3b3c18ea2891ac5aea6,1
a6e491a170bcb53bce32bb7872ad7f856a0b099c216cd70a56f16565316c02cc,0
a7f0d5146a2a7c44d240175b62f679292e9ceaf48095875d9deb16059f561306,1
a805607da28d3da31ec4e798b8581638b1e53247465f7721127a117e30581859,1
a846dfd3f4c626c61ba93070b337c3a9489f4d9d73586ccb2f27e843aa3d7f37,0
a85bd20a5113b1b88adb59d9685b8b90e4e95e5bef6d0fe9f861b71ff10750e3,0
a89de61919c1dd9f6f64f1d46bcdb77ce0f856cf9bae76e79d3530d448837121,0
a987b18b3647d81d01a8395c4c75b5e9756db87c628246664f74f330f5a24943,1
a9ad89e25c85028c86d6267f091ee4094b7709a4516082edec2988804b0575b8,1
a9ce939006669b421690d985f1405c5e89d9713a9f8f5cee3624b118dfc68834,0
a9d53334f6301133574994b3bc1fd37ff8d3f3c108dac98fd00d09ff80f14544,0
aa0da314f23a38e7f331c15766606add718812f8cba3fc51af30deaa4c2327ec,0
aa3e9190acfdd607381ca278b422360d57f8f9fe6878e35e1a29635b45b444f0,1
aa480bcc0b55a9587051f497b57576f7019b9865cb80a2cd0840a58a20744b5a,0
aa60d5c6e346bb886f4e812ed465519d7b2e24c51fd56317e609d62919fcb916,0
aab6cd160f1169df9850b12ea171e268b5c4cd4979cbda369dd9d370568602c6,1
aab7f57b5b7245094b600667608511b1d96818aea2d24d0fcf60988cf06fa1f6,1
aacf752b82bf33b1d660d2f22d29925c90f56119fec2f5d944becd4a520199f0,0
ab0420054563d34032231985629b855f82105369750d4aaa9178b1f97af88716,1
ab112117de659d5fe9a9ea7e6421101f5bbd54383a9af033ed89c83ba6157123,1
ab4d9a65c11b7d2f43243f21a493b915f00e2e37cc232d2d6af3c5e9e73dba53,0
ab822255408a84728db2c9f6d313eb20099a5211452a49a12610ea512119a13f,0
abb7d8b80881d3a4991f5c34f66e4973285c15432175291555ce3ba80f17966f,1
abb93f15f7a2192d834582e08a24b970feff6c41d3e1817b30d6f12793da3436,0
ac70afa456ee84043e491a88a412f227547425e9629c0590e8c03b0798fc9138,1
ad3edfe198026e9db45fe6526d22663dd0c883942188b486030b5865b8c5e2ba,1
ad43b9154972caf9c1db003fbf4218b5b273582d0c87ca6d11163cebc1822f6f,0
ad6b3c9b8ba495ceed894e86dc413f380c67ef4d467bfba7543a9f6e471bc702,1
ad9283fffa02bf86970a4b9eb57ff8e05dfbdbad82f56124d3ea37693d48e156,1
adaebe3ad1fd5dbbf4f0837896c452e5280a912e551e0bc5890f51c5d785045a,0
addadd42b2229376c73672a962489263faf98decca41e9ca5a75f990813ef079,0
ae29d20cf7bb9336a8eaa4a92b899d7f48bbe0bbe69eae259a76da3ab5124cd7,1
ae4928d5df75adcaa57363c39c6a4af0a3c3f93b6c3fbc51613b68690142538c,0
ae514d4a593b49aad05beb9e1ebf4be1a990dfcc3f8be5cf3633d8739e8c696f,1
ae9aa238065c75e0722333bbefa80e26a95df40b6c8d3c813f5148e4878daa89,0
aead7ef4430145a7fca478659d6791ea004d731bbb7fa107f7a8046e04e53f34,1
aeee077944c11385375ce6f76b9802f184cbdeb029e9b32fd390b39143e003d4,0
afa4f0a25f70ccfc9c8c88331de2416ed8cc03151c2ec92a649358df91c1fb56,1
afa91ef1e38a6b81fab74952d7e555f1f0b7691844a703e58c2b815a50ad496e,1
aff096e52dce328baef2d9bbb80e97e9e3f854c41ed7711eb03a0279e1e98331,0
b01f3f0ca66ae8b2d850de099ec0387ac55c158fd14859edc5afc7b7395c535e,1
b0792e99c188a8abdc0ba31d3d26646d3bb0aacef01e9e43d28ca967778c6967,1
b0886e024a228eab36c3c069ec862e550cbd78818e7eb509f0e8f1b6d825915a,1
b0bc870a852d44239a19661fc32720125731e657699637e6bfd9bad5fd58d244,1
b183e33b32b0a352325f7020cb785f404cd665d7f1c16f461bd5c7ff430bdf56,0
b18490c4842a004df42ca46b2782f98db4603d15446c99fc35c5f99e49b87780,0
b1e56a5d303d179296d0df284601c672984a153fe8dc825b44611e0eb0fc0b8a,1
b22a444166375064f0684b5760ac433fc41e7b8c16374e778978f8a06e3e0c82,0
b22cf3291be7daefc09528e2d9b4b10f9eb466340405292b339d15f7b298327c,0
b243d911b37deb08b83ed7e27e4188331a3c3eb8e80acf3cd9dad3389709388c,0
b264a1c6ff3455676ea018b33b18f71d6eea95fe3aec47887ca034a339fe0bc6,0
b27fd015d07f4b50736175676d2ecc358d0017427ce88903cd3fbae7c6b57a2c,1
b2868495c9096a71fdc1ba49a29b9314fcb36f2d1e6f0fba86ca43032d6d78b6,1
b28fa4bd183774649c2a5d09846956b40c1727f938487414263dcbb392e8e933,0
b2eb4e6ce3722aa2c3b6ca8b98ddd9dc05e12a9285da7be5c87889012fbea4c9,0
b354d5149014b863c2e6b787f27f801afd3dbc18dcff9f2ed27eb899a0f79178,0
b3679091efbddc4f95ee3db5628e142577de3254125d97c34f44665c51fcb02d,1
b3915ba96646dfa2219fe461ad4b2f3ea624877545ab2d5496062e2629fdff32,1
b3f5bd5196fe0a64509c2242ea583c58a81db9ab43ad555aa3007c1c22275cca,0
b4bc7011b7e478dbfcfed35f46639a1105490483d3beeaada79be11caab06a93,0
b51b8ce558ea526d20fe580e602846379279ba80e716d70619032e9d9ab8216b,1
b54cc7eef6a84eaaaba1907e9cb5b358989395f8fba31a8629d3379e7189bf6f,1
b55a167dec6144d4212e240ec8ae8e5224ca3e767a7412bb35ce9e27c8501f21,1
b5f8aea1fd08ad0d893e77bccf569a036bdeeb0a6a1af03e609c94530bf5b641,1
b6246a707e76bb5739b4d4b5f116dc3463fd9d2c46e8f1f333659dc2349e8bf8,1
b63142e0931f339a442e91d98dd3857e3f5e3be77fa251415c2fc89af5b094b2,0
b6330b14823f390aa322ec8f8c27acbb9b0f876493b5525101694095f6513cf9,1
b660e786f8b33cbf3b4f8ddfe186f844d4a2c1181f4b63a317e2d2e569a17da4,0
b735f6c9fe70725547cafb2d0afcaedda1fc4fb80231b85ae3d151b34cb3fb15,0
b74f17549057a08efdfd6c3145bb0a61e54ae23eb81ef9ff9d7fe5febca94b69,1
b767ac9a856ff067fdb9dfb5d5abf1d8f8cc779c8fb929a23f4e001123df01d3,0
b7c2d19689f149e27f0c2a63823d688927cac1c9b45465035ece40d66f8c9939,0
b7e4a3631cb825f22a2ebe0c394a37bd7aeaa6976f6ba0812c75b3428ac4d5d0,1
b817ed645922ee7f1d86787ad00613c5f322025a826cdd56015a67c5717ca15c,0
b81f170841444866945759770ae862594d25dbcc3f6202872b74f8b25f4b0a10,0
b867dfaf6312116b207687fbe31f4cd80f96f01a18d57e832d4d2666e91c4753,0
b88a04dd79e11aa5ff8dfe2e6fa4848e7f390edc0983a7ac94a0194082ced318,0
b9263a0b2125582b07577427b2b3425ce203bc25c47b7fc06ced97f96c1be828,1
b94359d3a12acefca93a5da826b011836b4ed2a7f555acd13121aff88e897470,0
b9cf53ee96888c6b6c8355119c659d80d798c9d39276b6d26e7b0aa6b542b61b,0
b9d5651adf1e0f7f0769f3bed0c0d4af13afdda480d1b073df78fe4a833f91cb,1
ba6c3015bf7bcdc27faddcf2f085e14fecb634a00f6e427d8687b94713d299b1,1
bb7d09cae7964607d7da9b47eea856315103671fe351949c741ce990fb14d2a2,0
bb809fa9ebd12d52a35a0723dac0d5946970a635ebbf6c023711a6b7186cf231,0
bba29608b74d36b5158839f75c9b03ac1f19d09e342bc627c22e4e462090efef,0
bc359d6e9992e61ba11b38120bd20824bd8ea13cd93c4b5846b6be3418c54ec5,0
bc56f697917e07a2aeb3e219f207c472cbba411006215def13a3d383a7df3350,1
bc8b9912c181633995ca430e0db0e9b649d950cacd1c1162202c7a8373abdea3,0
bcb05743c7cfaa65aba1470c07ab43239edfcc91803d79bf787384ec4daa19a2,1
bcb9f947da6a917f5ac37dfd19d28c9682716d0785746703b57c60ad9a470347,0
bccdb6c5a21133425e0212cf99bf683b0981093e66e9cfbd6d15c02a41ee5fb2,0
bd105b93ecc2c67b5575c6d35d747593ad6411e801ae5c9d313e09e787eb9ec8,1
bd38382edc812401f7915e0e44d90247f3b39b756422873bc9494b53ef4e8ef7,1
bd3d1870d5ac3c2821a23c046bedef09583208fe45792fc5b9b8475675588e7a,0
bd66893bff675923a17e0075af8bd958af3525ffee0c45d46aece5ecb46bfcf9,0
bd7e1635035a3e7e23b48922d645030d77d4281134e59c2c0bbcde1d3971c775,1
bdc768704222d31114bfeb4bac43603f275aee3a38746c2b21d8f86cdc2d41e2,0
becc9d0baf350c3b336c9295af6f7fac2987d617395405e9f8d8d11bd5c2e15c,0
beeebad72e993b262bc6bdccca7b7d8bf32a5e25658de2f361ecc15618679bb9,0
bf27f66bf02697d51b8d406e979c6348f466fbeef5bf8710de344aa11e081d1f,0
bf6f70add61bc3756f9df37de0d26f4a5f75e40863b8ef16051a289be50fc172,1
bf7521d3c34a081f8dfdf635819d688c126dc5e270b4e37b84bf4ff4168b5b01,0
bf76d5eb72d9e9adf1c0d4203967073c6e2286af3bc627ea7df9894cfed1dcb7,0
bf80594888764cffd9dee5e6bca7c7ba6449b00309c4e64c8cd870247e769ff5,0
bfba121aeb0974b4df45599a82a0ac52649f9e2e6037eb20a5042dbf70a76d94,1
c01fce13d354bc3bc96e978d357b9b11d798d320facb92ab225fd23a6c4a8097,0
c068fa96395d2637dc96ecbffb0de30cd8be459fe0837c1065d3b0547196ae20,0
c06b71e6d8473a1979bc10ff5e91807066148c2185f10a818c7d32bdcfbe2c79,0
c0eb57605e4431ae54cd140999591a50c3dac87dbaa511552fc94b2cad89ea99,1
c0f20ab74a006831f97323aa4ae5ab2b2f3300f2d00ed737f6c47d8c7e60a1fc,0
c109492470084fce52dea532285e1168fc5deb9d55ce6c928761ad2756573594,0
c12db760b7bb84473a1e6293ff3057e3e32ad0b486aaa2e910ab4703028c4335,1
c1453e0031eda2f7b996c827bfff1630f52c70c447520cc2f1d254598996acae,0
c17a37b350b5619b02f544107561fc8f97255110f61855a2c9036b0c2a0ed836,1
c1910dad0a3898484ef4ec11d215166a3b71fa48db43819d5a89ba510139e0e0,1
c1aaa8eb8a34f9c4c8f15ed820808d2014c64e98818db207cb427e056d244cd2,0
c1e17e5acf9f6a3c4e04584d2d3e80f88abe835c35ec7b9e96b40f2bfd19e2f7,1
c20b907a6d8c679df130bad3ab55278178ff3d2a8c12d3e38f19a31a6ebca6b4,0
c2b0e32a66f461f82b0df0506621516d0b64458ce79eb46168a35b48b9a87621,1
c2b94217859ba196085d329982b2d0397f4c8599c5c3df6e33b7046a7d3a826c,0
c2c4efa2edb32e59806d4677162a095f305f8c2f281a188bc1e95fc488f21668,0
c2c769a1b7815e880efdc987e429417a8d3ffcb94b842db17cc6b71aeaf751fb,0
c2da788f835f299e1684aea6e612cbc757fb227c0246ab4d08e0c2bc6f8998a1,1
c30df69cc52422ae6d8426815672d47f0ceec77a620baa2876b35978c46a4903,1
c316f262795c381b8f05097e433c6fa821bc997d29f405e0586283ffc6c9ec59,0
c34b74c603f3889ffb40c6013ff40fad471c81e2113d16365db45097e485126c,0
c381dd4eb49acac88e8ec511987640e7292aa8985081f2b0d7d6491d5edeb7f9,1
c3bbab51e72f65602055f093952431388c7fda8faec17e508263323e8a64e3ff,0
c3c6cdd0970118fdec436d6553ca3e73a7ea99340fb3b442b1772204f3256ea7,1
c3eb69994c40e30dca1be479b89677105981756bbe379581924f07ee3d4e5f03,0
c45571b9ad47871e1092f7524f790a8c375dc77ce4bcdf60bda1e552db7c7607,0
c4b0a9e2f7745eb9ea0afe70a317ee7dd76db9d68a556d5c3aad652aac6ab2d2,0
c4b90d60113af3343c7787b6778e0a7ad485e07109b57f8421eb271bd4dc5b22,1
c4d119c092d1003453972ae518da336a062317c676b79569a582c0f69d7bd246,0
c4e57dae64bfa7d8128a78122ff6a037340e830ebd82b6c7ffd047edfcc52cae,0
c528fd888aa54c160db58f4db6bc56c992d5962f49a1431db0150b157da45a93,1
c5405d1547baefaadc8faa62756c5605e0b3eb8d98ec1d05e4bbb2bad332c39b,0
c55fe12c822b74b6499f4cc77920034880d3662de243c444dfeb027fee9aea8b,0
c5898d45a2da1e0b7e714ea41ac86c6b6fc097776db9cf68492e12df7e763cd3,1
c5b5ae19b9cafebb263b8366a023cc5d0641bba2d3d51b9ce49135dc283bbf1e,1
c5bad6d4c241be456570802a13e3f0134c19fbfb0fb24719b5942ae017f3d487,0
c61e0615484f90f6c735476b4a73b9ad6fd63889c594d8aa815984d834e3ae57,1
c62b8f3de6c49581412805a68ca1cb003bc7acc6c35065308a8a5060e01e27b2,1
c67f3e49d9e85ee5439634b87b3d5e38b231454f2ca5155ed0d945894c0ef89e,0
c6b109991c33caa64f6d425a1c337c68a04aeeb879eaf34cf394dec6b03588b1,1
c6ef1cfdc804651beaa2873341ec3e6cb53e5388ccac4a27c0bc7c86a2ee3fae,1
c73f74bc62c78903c20ad1bbc032d0103c788b19ef5c53bb21d6b62f84285413,1
c744cc96a4d9406d5f1ab42ee62eab9b6f3ae668b651698d8a36158c49a2848f,0
c7501dadc1ca84c61609b17433bfef32816e892edaa5ca9c48126eb78eaa7dae,0
c76e2b2db15b8f78cce4356768dd8632f8f317c9d2361bc68902b0261ab18b0b,1
c7737d7db82cc765a02ea6830cec72c4a1d0161d6cb2de483970a09e5b1766c9,1
c7b2e279cba906d1a629db1262005dd05cb77689fc36a6bdc8a673d06a1cbc46,0
c7e1900c86d3b055b301f009deb1d69526a10372d2e1e1ce6c5af7b5ccfd0468,1
c7fa1a8f76834085220c3f636a7839c9d9590144945dc713dd58cfa56bd04b0d,0
c80a24ddeabe1cf33497bd0fe6c2f5d4e39073e814c3609933eec328ba639084,1
c83351fbbd4b1f5bdabf9530a9ca92a9c0d8c972282f90450f27153c46410626,0
c8a9a3bc31f2e6b7a7032a5143179eeedf7678b1c80abec5de745a9b1a43780c,1
c8ba7ca607faf4223c2163f20a3895c29db36cc24eb65c501e8c7e98c3c0f82e,0
c8f82fef7b6ee418577e23109521ecd5682f9fa0c3784f25cbee2af42c5ae918,0
c904c7e39d80b87755896fc4082050380661dcd48ee05d830d9ae9cead9cd160,1
c913fd9e13aa90033cb45242b804cd383de2d5a8a4fca7b391b6d41b153d9f16,1
c939b873563669e39c63c0e024b67291a8c3b06b2bd2709398bc8edd437db46a,0
c95a679f9ea1c0216b9b48f0f25e6c4b505b2629426ca5eeced294270f7c5f2a,1
c95aca21f4092c2f2dac08d177d5f501e9a04202c33c6b7c21f7ac6d1e4e6ce9,1
caa0673bdee232588672d63e689d998a4469952f6298a3afc5693b228be7036e,1
caa6e4eadd046293a22e159d3fc99a188e1beb0d944fb316c627d2a8611f1042,0
caaf36f5f3ff0ff30f5f399bdcdc7620437a2a50a8a48899411a612048990b03,1
cab28530a7391f0b2e89d5ffdd0d4c1d4cfd26ba2e454c4d5ae081783229e24e,0
cabe406ee5e29c7abef8d77d21e22c2726968fa9d001b313aa543a0f8e633d9f,1
cad4d52f9d5b90e81f8ea66a08888601cb6bf5d7312211f1cf21c6bc88d8fbf9,1
cae6c2ee51c4643eb7db80f9d69f56d511317d1a6f3b3cca87aa4586718d2217,1
caf1d9b09fa74e08f51a2fabcb1b2770528f2d1a98425022c9517308d80e4230,0
cafd6afff2f5f218014f7ee9d29bb04215ec5a3b58ccce883e84bdb0f08643f1,0
cb0065e0cf67928b3f9abb109e926bd8c9446c663cf8568f0070e6a64f47be42,0
cb35ee5a713ce3c526c32d63d34e1d58482349e55b86b4176dace709b661fe18,1
cb3ebe89f5e068d2010eceb8f2a3f9039398ad19e420ec126911b66f5ed461db,1
cb4242bc1e8c6b21d0f28504a1044a02590821c79c3167e7274bba16b3515f01,1
cb69a17a109f30a11308f71a84441a41d991f4eec59a8bb1ad41d9deb77df2c4,1
cbde84a50d5e191b3bb30faa9085d7d92bd0154154feaf8b202efffd77fcf622,1
cbf1dafd8f57400e746260c131c19b5bab03d5514e2dc7d45a398393b41ecc14,0
cc31aef1904293caa137d44c173c25e7322ae398b9b37bb5f5a8e19e76a5c757,1
cc7915a47ac8e5f2023fc461a11720e9e99de45e2de42b483fa3962c0bb375d5,0
ccd60d0ab4131f6bb1ee457178fd1aff740dcf4ea80fab7ca32e80f05936b5c9,1
ccda660b1a596e0e26902b3f215d1c042d280d1bec4cfb2d8bbfce7b24ea9241,0
cd238b09b1879d12cda1264895b99292119340e174139f6ca3c3a05026ed6694,1
cd4cd0767615825c3f96dae6855e0e0dc6c600996c45188dc7ebf5edea01869e,1
cdf1233c27a296f988ccd6cdcdb4b3b569dcba8bbfacd7312eb7957452273382,0
ce22c5700b327b87de3cb63e0542f86e1338fe2a5c211da722b78ddfeeb019ca,0
ce3bfc04a2f4331f66b1d823ec020c105e63a0c3a586ae92b0631628b39b8547,0
ce42fcb5b31b60722573f2bfed907be04c3bc018404d572ad71d4bfc107d32cc,1
ce8b580eb6d3033a77d73a72069ea9f52b79bd2ecf787c6363358a9dd100851d,1
ceb06ec36223924e8f3e904cda89a84d0b2f343921263e886090f7501d64f87b,0
ceff0e3379991712261db23c3402a814c7af74504518b9c317d8bfbe878e0d20,0
cf0be2efb866694cd6c5eafab003c569383ab6c0587e3eba1df98d2e3ab07424,0
cf1b4f4b7c5aeee65f7001a7718398003dffe34df9d73e2dc3d514b0fecf5977,0
cf2494957ec73486f217f1f9407b68ddeed245c0abc22666db22d43cdad3ec25,1
cf439948e9995f451446cfe3993c336b792219e7960a926711c4f82f94f69c2f,1
cf751907b6c8f8f7fc649b846bb761efa40becf007506e676a859adc0d8bbe2a,0
cf9deeec2f120dc80511c0d542876e64c4232849e694698fa343b003b227e097,1
cfba14ad71f5f02a3eb03f54ddf0c9eede495db6ca9f4f54214f45eeaa8c5ce7,1
cfcb3cae418dcc9ddd7f695860b888bf8600fa683220e8bd367a96376922107a,0
cfe2d4226cad63a9da3296c9c3a27199295f3e4a09cf7082f9078192dbab1068,1
d02bab87143f3e921125b16d0064190c6d8a2e403f5cffae9f04296c92478adf,1
d0b83c632b1fdce88e9cde23947d0e36e11e50c6dd8cf25781089aedd8bdb826,1
d11e4c517e9a1c2a091661b904dda5fd2c8ee04cf278a43f9bd17bcf4e648959,0
d13181f559b30039a7b904bbc7103aa0dc93e6430634cd6ce49ce25eead065fc,0
d135463062125cbf65f07f8e880674899d5d116e0383e599ae3b12fc5055b02a,0
d13d22aa068eee3fe1343cca74938a9d34e8ac2959000ee93fe4ce7c59f291fc,0
d19d3fdefa286ef7682dbabf5dc20610a13976c91779b043340a3bc665546b92,0
d1b78b5d3ee2083f9c27f3fa59497e233373b44a4a6f9721112ef85fbe681079,1
d1e78bafcd11b481e4e3b1f38a11f852ff75ffc08dd67688de58a1c4a57b4fd9,0
d20a0faac5f069656d6b957c2412380855338a02ec0177ff673122f391f83486,1
d20df7fa554e0a7649fec323b31a967e6b0a860b6694622314e7cd083da79d3b,1
d237365679788e6772735c24809efb802fc276c52d13b22366e80191009bd508,1
d2848d648d42a45b80c0ea71714b0042ab3c8f05909e44a2736ec32de00323c1,0
d32e946a7cf054e2374a50a5c56ceeb21bb952f27250f227ecfe11a7ec7bad67,1
d348f40aaf5c57dce46dba8e348ba6fbc805de5854fb47dcef19ae67ebffc7a1,0
d386628a2b7218a1e5e40c6ed0b75d365fbfb4ce0c6f782893d2654dac29d26b,0
d39b769dbe50531ffa56a6cfb8fbf0050d58c5a1a21b59ad7ea5d338eb0a57b2,0
d3b44381f14877ce5dad74a3ac8910831af0091d517c2452c0ed75a629c1943b,1
d3d24a36eaaf25f6b2b142d701028c72f46674f92d8b12b3feb4a8f278a40ada,0
d3d5596630981aee9aa52a6a58c149630c221f905fdb4d131d71d0839e36a6a7,1
d3ec8f894c2f77f8dba2c3f1a25f9953edb12487fc440809899d454c80c27851,1
d4100d1530b076a54234f6f4842449ba577338eaafa4d0ab96ff565382f95ea3,1
d430cbc4647caa1d4c5842bf94c3f5e296a972cd5f1cc0f8ce6c4542f754d4b4,1
d497063042b6141d7f6051f0b8f7e0386ba8ac108bfc4fa721a7f2c26fea0c62,0
d4a46fb1a38e474deb53886e9455ab4ac795e564bbf75d6bab19d26a3ed49539,0
d4bf2354d09a8b80548df8b2ff7bda3473ed048383a75b21dff1d923f29947be,0
d4e6dabbfc042870d2deb9dfc554111446ab52623a2bf8f36f57cf625e34d2dd,0
d57538f3e18515d7a9c06c3f5ddb82ca9bdef3767675b15ba9245f297318c0a8,1
d5dcf90ebf24126bd599fefd8881f3919541c8ff518172ce61878f568cbad01a,0
d60f8b283e574e83b2dd603305b91475dd0f2e21af48810b3d60163fcd6a708a,1
d6561eb6529c0aa72444d5ed7473b6856f3d07aecd7c957a76be808bbe487235,1
d6c2529adc6087034bc291b56c9c0a5c015581a7c87b004ac2fc0280a33fafc4,1
d6cffb633bd829e6ea7c138723c9d64d9f1ff52d4d34ebd932028c1021c40d97,0
d6e344681085586c5ab339b71605d7a10cb4a1066a92d4b3381bc604eb556b0e,1
d72f5ae5d85d60099df715e40832678a72d8b1d98d667903ec4ab3e862cacae9,0
d7869ef250f4d47a6fcdae1dbc4930630daf3f3b45c48a25bbe8ae5427ee127f,0
d7e0f8cbe0981c4e72805ef67fc60c8c9fc9de21e77d2a5f279372ad462538a5,0
d81e08cc2ebd94cf73341fcea3a8ede9dc91d7338ce3baf85cd1f358b1acff42,0
d82170fc3a4c829d46800c0ab62a617a2b0bfa001c8f920412926d660abe1c8e,1
d852833a931edb65d287392e75e8a6a2899fb2a18f873d09c37a9e75c8178587,0
d8754bd0425ff3aab045114b3703e4c13dc2080f26fe6731078fa1f37b6293eb,1
d880bf5b27be962c7f8b55981ef574cd7bde0dfd00017c6da4db5f38b412773f,1
d8b77b6cc12c2153b57f161e74049c1679e646ed0f691be072bc7dfe2cdc98e4,0
d8c4c1bd15bfc05f137c6114010094f15c1caba71e38cb9323c3945370c270f2,1
d8d43c3d0e1ded93d9cf2d80ac9d7b39a9f4385b1f4d35d7596e69c79aabdcf0,1
d8fe90036efe09148bacd8d6e232c7509f6c8a87778b558aff3deaf47294a278,0
d95cf809a72830d14bad57015ccdba89e551efd788b0c466c2f2dfc3124c0998,1
d9618449ec00ec6c511d53670eb0e61927e88e0a0292d738113d5cd4b07a39b8,1
d97ffe9d1b696e88fcfa9e1765691f3155425c18fd128cb48ef414a81cd70ea7,0
da3be027cb3d3853537c764ebb01dab5a57d503666d5761e05df59086393c7e7,1
da41dc6527b9f07983f177fbb2bcffe3123731469ad3024b9b49d2c0a75c80d3,0
da4485bf8f93438d4a98bedb42cca2f3867d3a95cb9890cf0791cf18f95683c1,1
da608a98343b513acfff78601ebdc406e01fe9cde921a80b1978b150f987a8f4,0
da6708cf7f6dcedc3e6863f54fcf87596ee57d2d4adc32350d52adc7441c261a,0
da968bb7c465d5edeb1df4cac844237883315cea60879395f0f6cbca07257937,1
da9da90ebbc00bcb73c69531dd55fd1ed77c767021ae5d6482e761175b141a54,1
dad99981e9eb28fabcb73cd52f079db8daa7baebc3d723d957e23f61389e607e,1
db0590411ba9bba199615c5fbba15042611be0242389ea0bf1fa0c2ff92c4e2d,1
db39b61e90b30324e6e4215d23f3b00dc9bc550128693c32f0eacd7187a77f6e,0
db57b301ee076f0ac5dafa1467ed39803c7f6cb20711f2a71a20b7847a6528f6,0
db668a0076cbd68e7b7843a5645b597e1e5a45dc453015b686b94ca19c356d4c,1
db788d39c407ec63feb54be7806f030c91cc7fb2c0a45407c6732c4886787378,1
db8467557b352cd5fa3b951e4069e950090535a54fe5af3ec82c210a1d79261c,0
db8bbd02463d788718e88baf5ef8672dd0118daf2cefd46356a9f5cc6fc3900e,0
dbbb9e1a2748b1ccbe3357bca8c7b0944325526ca89e6ec48cf421c9886521db,0
dbeb1fa661f1441b1fe7484f3e7eab4e1da293a7b2156482dce7382ff5624f7a,0
dbf8e9d286c898985b881df7355643652f7329d12fdc5c65447e28b32bf39a1e,0
dc04e7a122d0d3e297a68cebb8cd5d7e0ad60ee21fb29a6588add7bd71d6f5fc,1
dc915ab73cb58271400544f5778f79f49245c812dc6029409e926bded7a2872f,1
dca12083bf19311b37a19bd6cc0c29f7230be854e6a74e6d690d9621d73eb3ba,0
dcbad26283cabfdcc552f3cd5daff2beed6e141a8e02ca8780bfb51484925cfc,1
dd32dced58ab8dad89eb4b780ec538c80babd386b36036a8df638ae89a218731,0
ddcd9ecd5b06a1554ee3a7615150eba1d1442b7b12e7ab9836f2938445d4768a,0
de240bc78f842d99b87a85055232792275e286d696c912283fbed8dccc212486,0
de2d143c7d3ab5ca1d69e7f6f9e075563a54fb71b00939b6fcfce9b734d5c761,0
de6cd5b82e6b8ad26596013d4d81f610f11d2f482d13e2c6267e66194677e7d0,0
de9db0aee2872ba3a035d4c850f12f9d918fa5af8259cab999b2cae02b8e7c48,1
df01430943f6ca69cdc8d90a86e1e280e1b1d5d52e4b6695804886ca5d9dcf65,1
df346f6b3d5dbec3461a43a4eb7b18bf367d3d6a8e26b6f5c5837ee6d7837324,0
df58eaf8e3e33af983afdac71ca20290f6ceb2287a38407f1087b7076014c539,1
e027c6d875187b0b673a97c404c0a7d7df0621aec01d8408ab14b6f32c0bc910,1
e0d15f2cb922cb2443d22bc48f920794e27e18117ca331d2bcad4cd0a79f394c,1
e1392e8b4e4382e9cec7222084f0891494d03e0c19930c0b4c5606d7299d420c,0
e13a32653aebbc41ffc8924cdf3d8809946853f001a2f6503f14988d3581658e,1
e15719995364e7fdc3421b22d1ed4b3183159db4c375f29b4825181b8a6106a5,0
e168f6cdbf39144b16512263d5bf2044975d4da1f4416403e437e09b395bf244,0
e16c534d0e0ec6e10ed3a43514c89a64eabc974e3a1ccee1bdf777a6e021f47b,1
e18d8a74d97f54df33bf11b67ad28c4fe21ac48a8cae8e21981f81da577d6784,1
e1bd1140f08a29a5946a1720fc7d487cd5629487d2d303ca9bb0ceb38bfee0d5,1
e1f6596958ece47b36b6cc37a38075de37aeb18ba0d334d715b222711cf94c78,1
e1f86d160a9144412a5cd136def33edc7cf628b4421a17f5cc1893d700180752,0
e1fc2dfd29556456d6e6744736e56d2fb80d67271a1854e2520742b5fec2a46a,0
e21448d575ddd5255dcb95ff361bdd847397f0aa737c43f9a7b9abd9d6ef9d5a,1
e2187788280e8a37b01a22bdd0908dd2e26bea9cb45f502710ecb8a85011b207,0
e21b0845f8d81e0ed6b729b11d560e26bca6fc9a537f5a00d4bd5cd411bd093e,0
e26c526d8da5edf8320b07bfe2895342d2b5ae0a296340099914c2a824cf80d2,1
e278720a76b053c47d3cedd80cc525e9a87f9c69e1af97039c103e03976ef3ae,0
e2ac7656dd06e767b7dc74f124c59d2c4defd999d2a39b0ca4287211b72091e2,1
e2ddd02adc6b03fa782cafaaf8d0b0986f44fed432b37a4f64dd15812c272b67,0
e327531e79a9c9fa27b08f068ea72fd5b3d7eeaa47cdaeb2a69fd98b7c1481f2,1
e34ff263c753fe75374ac506d51e2c66c0242183f03bc8261c086d3358a83e4d,0
e36dc09e5b88a520e3dbe506395ccd72106a8370e81d9c69164da5bc202ee7bc,1
e3d3c1dc96a8d476288b0b771c81274d0a1521f4a98058877a8414a30dcf99c2,0
e3d9d882df4b5803d2086773ec8918ae55f3ab7870c9de43c278bce869ef8ada,0
e3dafc589bb43a63c85728193e12f19564504211cb76c134561b33ebfe4c06a9,0
e3ffac8253fe624d8c4abe342f4219e5fcdc3cda04a3a2b45b104b29b5c3ac20,1
e4055eca2606515d5502a53b08dda52907b01bdd8717245511e4d770a33cb2c7,0
e417877ab66525a255ad401eeb410db383e124cb53ec335a1f46eb2f3310209d,1
e44de1e27ec12ca4472cb6a596c2efac753f05917e554f4023a644e21ee1a302,0
e48a85b78ae3fe2f892171308b80079b22393a5b933636c4b12460e31046043d,1
e49593c7368a15cd80227505800eb03bf6e691c0415085ceda02ce04fb716c13,0
e498b9fe1a7f1c24fce73567aaddb22f62cf9abac64d02453292415b24f7ece1,1
e4cc92187d6b629786dda8d5375fd095f39589925c6a524b8ff6375a2c40ae4d,1
e4cf4d624666861c5d00e637e73033da26711fe013c73d8d379b75efe3a000ac,1
e4e34fba739817ff980f65c0ed5a62dec75d0b2124b846ae2ae7731e8dfc9bcd,0
e4f6a8bc5b7caed9660941f0fd937db07686567939e245b0c2ea13cb3ffa5fce,0
e514dc725685e187cfa2c49b454153868552f88ae6f3240e97583ad1e6da9d7a,1
e515222761084818a665deb4f6be77530ac93c3e50d60b216242b5778bac0d1a,0
e5263e1c9cef1d28e2571e93de39221afca55c3f4c9f6978e9621ac13dd5432e,0
e5337cc49928889e991cda687a3f16eb8735dc127e508d816d276feae5be092b,0
e5a875d88dc1e4ff5378a891a3ed448e5b67be4be8b4f273a5684ab21b24522c,1
e5aebf744ca277b6439ca008af2d303af6a9ba1f1440cb8e8055f67eb233b983,1
e5e08b610b1df92c6a693293025750c8f9373f9461e9518dbe650b087f7a03a5,1
e5f1dffd7683ae5181eea39ed4568960396be4d662f4e3f49e2d4f085691507c,1
e6057ff6776d9bc13b581ffd0b807859fa2a1a54f3c77819579c7c1514ea579f,1
e64f3c4da0a7d46f3fbc54bf9b474f52b9bbb58a5fdf7ab7c4c677dbdbe3d8c5,0
e68c6edf6983699be214ca9fdcc641bea06a13dcc05a99febf7f6e02793d96b2,0
e6a9da88752ba33f6903cb58bde7afdb59b53b70a333e1fa12ef83a3f630c646,1
e6b84ec918066d2fed6860be4d728201060059e3c0ef993cc19989f2f18cacfc,1
e6ca2c3b4456d37b67221c43937d00c02901aaf544a4bebed92ff2246ad0020e,1
e71333ee7dc18314cfeacc9a8c3e98183e50c72a017eb699e4402a6b3b432659,1
e721fa1a8bb857390e9f75548db4578a89ce89980b290ca44f82e68a3cae9a17,1
e76768e0134f1c023b0e5b697ffcb19e18580d0edb453420b6814d411472de3c,1
e76a65ef736c379a86662de91e6b5d9ad199bcf73651520ad8377fee802d830a,1
e845adf9f8cd05b257f18249af8ce1c3e0d5249bcc673ead8b665c6b5d03a592,1
e91dde7666cb14f3d1e68aea76dd8f8d4434312a441360561a3521ddf33df09e,1
e926f40a91ad62d18d5c1c95cb024a8e1a80b20ef07b6391ca0b42654f7e769e,1
e927f28f8de7a005560da8a878d8b3f79e65d8bd1c386bc0447ea95a5f88b753,1
e937568a61e623c3d534f94eac7bf141f9770a4d245057f6ff4a80b4cf7bf942,1
e942d00f9946b353ba5c70b6c580dc9341224f9cac2f1b052b7250965ea2cd80,1
e9d25f395f3d531019073551806933a9f151fefcab69eed26b2abf6807e33f07,1
e9fdf3636c450c53f238528466608607ae79a4913ea4eec915110268808e215a,0
ea090017f0e06311134772a5336864c97c0437ae46c6822f392ee0c11149752e,0
ea1fafcdef6a51bec8e5f7e7f5c98d9a51ec1ed1604d865675dee6920e547b5c,0
ea48c0bbe52a69c356843bc411ff6fd96ce3c76a9a515e6d54a5c810578dcf31,1
eb346b9b4ce572688bc9efdc7a8fb3cfb4708c7a7ba822a13e41d459b22557d9,0
eb381245e2a50965b4177e9b0659e92007d03f06d33cb194ef3b7413b8eab84a,0
eb3ac537b2dba13c0ad5ad12032cb6002174f589b041bf3348a75cf39fd57eb1,0
eb4726548b06778585922d3cc725542242ebc4b30419c443f103f87853295624,1
ebae4a55eca1e4eff7b483e02d7962d2b475ae7de72c7e230b348e902f1f20d0,1
ebc2be498be67bd46e9de42a8144c4895c9da7ee018ecdba5262f03a48cda9e0,1
ebc5ed7f75a48391a6ec708a9e00a543ec500de9092679f38d020f0ea8ede34e,1
ec43e663580cadf1f0dd22b8f654eed277b982305b3577a3031be29a12a86419,1
ec90761cc62f406b264d406617cb3ed2351fbf16bc6d83b3ecfee79d6891290e,1
ed31a6538e004e8de325d8108836889ed6a39a6d3dd4f987aca0b613a085b6c2,0
ed32f925eeb9e3096e55624a669c96f149e8cbba4bd54769cd6d9f8d93f9a672,1
ed5ffd016e9d4bbb4f021a6f4341baeef190264e7ec27f5ef966a0a0e84bab9a,1
ed7dc327c8b0a8602d96b0bb73cd7ede6415882706f9106635fbe1492f3d67d0,0
ed9e019fbeec96e13aa6d1a282537adaa3f472d4359605c9d2eb7cb5b8ba7fab,1
edd247e0cd65ac520ee6abaef3bece34b0670481f64523fd64a67122c746745d,1
edf601add73d60cc5a075ace32fd8864121fcdce1ec7b1c7dba9bacf51399d98,0
ee10ea565be7ff38f9a49a7ee057f3a9ae6a7c1d7b4c26c68ecda34aec65bc63,1
ee240164896b40be48da1abc0b6a0f44b85d5a94a1eeea169a6ab6127c2ea41f,0
ee38f30e8adaa13536c4fba76e1076f77a94a3277a616641affe6a96ea312f30,1
ee41698c8e6494f08fa109a34f9edf0597f2e43711cade16c603f4f389ca8541,0
ee541f24b9e2ae06ec8188859e80b1d9b32f6e8e4b13eb9547f1617aa02f781e,1
ee724cd88e7cfab219fc973b37f337776a5e98ab78637929f6edac9107387c2f,1
ef201e76773c26e4f70549c4ffa47ae3eb7c3aa6a9fb17a6909d0be231239590,1
ef75b6aca79b3d074b14ca238a07d6d524befa34a43a20924c4dbfefddaec9e6,0
efb60dfb49d628e5975b14d6a3326d7b875ea9b1a1db61bd72cc2d8243d2dde0,0
effa8e31deb90f50adc8766146944b8e94bd7241ba841289ec6d2e9f95a725e0,1
f0ac8288d38d4bd79820b23c216552c26a43705c332b6d1c5b47d06c58abe650,1
f0f58c34868814c29bafc69798b20d29d2b8c664a34ed60015a11589b913e107,0
f13adfddb4b132fb964bb873fa628a2664ff76ae1e9e14328f66289e57c2bd11,1
f1c98ae3f46c4cd0b31c797c0bcf1a1c3f2636f74f7b04077b313d93a8872077,0
f1ca9e0802373a20ff48bc3da1f0b1dbeeb8adeb6710207c32d4877cecfff9e2,0
f1fd18368db366e893fb4c3efe8b9c05bd077c8495d7d2e2c909141a85e23cf3,1
f2724f3403deb5090d463399934cd96a69fb0c55e19fc6aab9ab7091a4925b2f,1
f27c431650d1b24a2b3fe9e13efd907435b492400537975194df0d77f8c1d928,0
f2cab47e74174ca8e1a572f6b5edea4c14696aa47d8438c04b6624599b5007db,0
f2e73e971091def3b20d0e56359cf9e40def8571d7e9055df3d0e474e5932a6e,1
f385eed050804386d29bc43819469d62aedd901e94deec5c5ff63ef2b9edaf8f,1
f3e63e06de806ce9157276023bad51739c4d0085abb08217b4e3a0ebc05d63a1,1
f3fe9405e3a1ec9a6cf97879f1af1dc9172d24f6e875f576bf72b48ea834f0b4,0
f423b6a12519fa26efe297ce27bf51fd242115fd9f0faa9745242ceac0a23b20,1
f4ce629f2b72e4118f9290919f47345babe820e0c6c4d59042d1977c2100a563,0
f4f444bb872b6d0bff1af7a2ed601b5582f35395e7eb0091e04a94bb282d572b,0
f5289435934073f6ed0dbc6b9515e81a9c40d397d470cedc65333ac692009690,1
f5afd015639f79baf2b058c41336404432a214b48ff37d621a18f11192d78f2c,0
f5de26775d8d87b19acd1ed41e5e7a753fabe3a406ddb4e76b78f08010c9c132,0
f5f6afcbe2beef906d65ab43e7cd73f4764b2678c7d7a58dda5ae80549bdecad,1
f5fbeb74fc23b311b4c9b85b161c668e8d52876058fbb14947177566a446c32b,0
f62328e70b936b90f8789bbda3c78377edd4ce1a1f82750b9628890efb49ac85,1
f65c0e394aa24e92485b0b721ca7cdf4c1a0ef2034a7fcfa8b2de5db707fa232,1
f6a1d456bb12ffa1c9388937c1dcf699306b3e11cf47771835b2db211330518f,1
f6ae841e57142218a56eb8018ffa7bbcd7918ca7ead9f091363dacf6ca244b68,0
f70d9744c19fdc2da0f9cafb18fde8d37e2944c41ac82c1398a67501ad7b8afe,1
f71d213b4ce81fa7a9feaddf320aaa958b327621181154f77d51d25d43d2a7a0,0
f7213529e654f7b41e4011d377538df5c0dfdc6eaf6a533ec8695421718569ce,0
f72598482193b9069c994c6a797d18d6a19eaf16ac0429c406308db3cfd8be67,0
f765fafb1c863252a52ad2706439a48e3a2de7673921878517cbae26ec90a18d,1
f77bc0c44a7cddf9d32147073f5e87d99c7f770ce34b4c6fdbcc76a8153d93d7,0
f791230dc7b6bfe1f77b8dabae3734f2109a10b429b29de225822b3f18a9c267,1
f7f0f81d7d881057e2dd05bf44bc087f4cdd542feae7830e4d74307003459889,0
f81a98265005c8ef1fe17d4cce5e6cfa18c869b7eeda978327babd5e3e76a777,0
f84c900b927434b0dc2237c0be47ed15147cf6cb152519e82b1036ffa17fb116,0
f8edf0d5dbfe950bbee2794f0f21f0c2db1490d2692b8eb8765f9fea8c5bf3fa,0
f99e30793128531d15fa3a8e1cddbeb3b523d7c37345b28fd2e9a7be9fd86157,1
fa16c79050bdfd451e34b9038171c134bb1fe0d66706b1cf60dfa51ede7732b7,0
fa185754a65aecc223337a913e67dbad5894dd9e6b3069956ce0c2d710d8c86b,1
fa38bf5c6ee1f220de7f5ec332438d01f86210d4c8a02d833febee8545ed3ba7,0
fa713c730931c96f15dc4132685d80e6b2bff83bf1186823ef2506e3c078c96c,0
fa75b90e8b171ed5163c2c524e126f790dac97224e12ed9b07091d58a9444c6a,0
fa8519aaa69ca9a6fc8c8c70687a43d2a7ec992a9135171237ee2d6660139453,1
faa765f1a3f79c4d056369f6a6c512d48138f596837da7baa4f2880224186cad,1
faa9ef644e0530d2f3c046983ebad10523c1a80467b486b1322b233ce9107a7b,0
fac18e414b2da41089437b35976a431f005255439143fadb04327454a45aabbd,1
fae085f03f367b509196ed99f9e0b4ad4759efda7f19be52d0ebcfb778c2ce84,0
fb1c5cca0f6cda8bc09d8c049102f74762b5a85c2c34577f714defab965e5302,0
fb76e17bf034fd08e430ae7a372006250e21e6fbe922a289b94253810be52dee,0
fb99fd4b46230efdb2fb0d485a81cfcb7d8ac7826b4a6508ec1d55d0337d3631,0
fbc32bd167de0df905fc30a744a2ed231812437490a7c5cde55345a454548d17,1
fc06a98bef2434442f3cf1be631bddbcd7c25c7c096efb78b20c64f7949e1a0c,1
fcbe2441e93519f600f1419745f8f2a84f325b7e813bad9bee1f0e054914f1ae,1
fcd11f782a8050a2ee4bb398052ccd6ac4931748466c1332ca039195660736d8,0
fd1212b0fb168cb4e8ca44a66850df7a2c96c8416a2f24ba9c7845b17fe920de,0
fe2db3212a25ebce40943837c94193dab90424efa05d0ea72ba9054ddf7509f4,1
fe4a39c895795a1b8e7899ca2df6417d137bf28a370a726a85a349b71aa7daa8,0
fe5a0d54caa31a4520fcf70cf77f7f8112faeb0dba2ee1858b744c971d1a714b,0
fec5dd3cc196d920576e1ec16f9f4567695b24bec0bbebfc411cfde6b27f258a,1
ff6547df4e8e5c92324fa3cc89a4311a91b727f42f76115aee9a7421db65f2f8,1
ffa77172f5134ed7e638bd52b3957cb56203180d10331beb8a215eae32d797ea,0
ffc7158cee4c257797dcdf833623195f0edfbae7c7a4fb5c0565385ec69d2f35,1
